date,store_nbr,item_nbr,units
2012-01-01,1,1,0
2012-01-01,1,2,0
2012-01-01,1,3,0
2012-01-01,1,4,0
2012-01-01,1,5,0
2012-01-01,1,6,0
2012-01-01,1,7,0
2012-01-01,1,8,0
2012-01-01,1,9,29
2012-01-01,1,10,0
2012-01-01,1,11,0
2012-01-01,1,12,0
2012-01-01,1,13,0
2012-01-01,1,14,0
2012-01-01,1,15,0
2012-01-01,1,16,0
2012-01-01,1,17,0
2012-01-01,1,18,0
2012-01-01,1,19,0
2012-01-01,1,20,0
2012-01-01,1,21,0
2012-01-01,1,22,0
2012-01-01,1,23,0
2012-01-01,1,24,0
2012-01-01,1,25,0
2012-01-01,1,26,0
2012-01-01,1,27,0
2012-01-01,1,28,2
2012-01-01,1,29,0
2012-01-01,1,30,0
2012-01-01,1,31,0
2012-01-01,1,32,0
2012-01-01,1,33,0
2012-01-01,1,34,0
2012-01-01,1,35,0
2012-01-01,1,36,0
2012-01-01,1,37,0
2012-01-01,1,38,0
2012-01-01,1,39,0
2012-01-01,1,40,0
2012-01-01,1,41,0
2012-01-01,1,42,0
2012-01-01,1,43,0
2012-01-01,1,44,0
2012-01-01,1,45,0
2012-01-01,1,46,0
2012-01-01,1,47,0
2012-01-01,1,48,0
2012-01-01,1,49,0
2012-01-01,1,50,0
2012-01-01,1,51,1
2012-01-01,1,52,0
2012-01-01,1,53,0
2012-01-01,1,54,0
2012-01-01,1,55,0
2012-01-01,1,56,0
2012-01-01,1,57,0
2012-01-01,1,58,0
2012-01-01,1,59,0
2012-01-01,1,60,0
2012-01-01,1,61,0
2012-01-01,1,62,0
2012-01-01,1,63,0
2012-01-01,1,64,0
2012-01-01,1,65,0
2012-01-01,1,66,0
2012-01-01,1,67,0
2012-01-01,1,68,0
2012-01-01,1,69,0
2012-01-01,1,70,0
2012-01-01,1,71,0
2012-01-01,1,72,0
2012-01-01,1,73,0
2012-01-01,1,74,0
2012-01-01,1,75,0
2012-01-01,1,76,0
2012-01-01,1,77,0
2012-01-01,1,78,0
2012-01-01,1,79,0
2012-01-01,1,80,0
2012-01-01,1,81,0
2012-01-01,1,82,0
2012-01-01,1,83,0
2012-01-01,1,84,0
2012-01-01,1,85,0
2012-01-01,1,86,0
2012-01-01,1,87,0
2012-01-01,1,88,0
2012-01-01,1,89,0
2012-01-01,1,90,0
2012-01-01,1,91,0
2012-01-01,1,92,0
2012-01-01,1,93,0
2012-01-01,1,94,0
2012-01-01,1,95,0
2012-01-01,1,96,0
2012-01-01,1,97,0
2012-01-01,1,98,0
2012-01-01,1,99,0
2012-01-01,1,100,0
2012-01-01,1,101,0
2012-01-01,1,102,0
2012-01-01,1,103,0
2012-01-01,1,104,0
2012-01-01,1,105,0
2012-01-01,1,106,0
2012-01-01,1,107,0
2012-01-01,1,108,0
2012-01-01,1,109,0
2012-01-01,1,110,0
2012-01-01,1,111,0
2012-01-01,2,1,0
2012-01-01,2,2,0
2012-01-01,2,3,0
2012-01-01,2,4,0
2012-01-01,2,5,191
2012-01-01,2,6,0
2012-01-01,2,7,0
2012-01-01,2,8,0
2012-01-01,2,9,0
2012-01-01,2,10,0
2012-01-01,2,11,0
2012-01-01,2,12,0
2012-01-01,2,13,0
2012-01-01,2,14,0
2012-01-01,2,15,0
2012-01-01,2,16,0
2012-01-01,2,17,0
2012-01-01,2,18,0
2012-01-01,2,19,0
2012-01-01,2,20,0
2012-01-01,2,21,0
2012-01-01,2,22,0
2012-01-01,2,23,0
2012-01-01,2,24,0
2012-01-01,2,25,0
2012-01-01,2,26,0
2012-01-01,2,27,0
2012-01-01,2,28,0
2012-01-01,2,29,0
2012-01-01,2,30,0
2012-01-01,2,31,0
2012-01-01,2,32,0
2012-01-01,2,33,0
2012-01-01,2,34,0
2012-01-01,2,35,0
2012-01-01,2,36,0
2012-01-01,2,37,0
2012-01-01,2,38,0
2012-01-01,2,39,0
2012-01-01,2,40,0
2012-01-01,2,41,0
2012-01-01,2,42,0
2012-01-01,2,43,0
2012-01-01,2,44,215
2012-01-01,2,45,0
2012-01-01,2,46,0
2012-01-01,2,47,0
2012-01-01,2,48,0
2012-01-01,2,49,0
2012-01-01,2,50,0
2012-01-01,2,51,0
2012-01-01,2,52,0
2012-01-01,2,53,0
2012-01-01,2,54,0
2012-01-01,2,55,0
2012-01-01,2,56,0
2012-01-01,2,57,0
2012-01-01,2,58,0
2012-01-01,2,59,0
2012-01-01,2,60,0
2012-01-01,2,61,0
2012-01-01,2,62,0
2012-01-01,2,63,0
2012-01-01,2,64,0
2012-01-01,2,65,0
2012-01-01,2,66,0
2012-01-01,2,67,0
2012-01-01,2,68,0
2012-01-01,2,69,0
2012-01-01,2,70,0
2012-01-01,2,71,0
2012-01-01,2,72,0
2012-01-01,2,73,0
2012-01-01,2,74,0
2012-01-01,2,75,0
2012-01-01,2,76,0
2012-01-01,2,77,0
2012-01-01,2,78,0
2012-01-01,2,79,0
2012-01-01,2,80,0
2012-01-01,2,81,0
2012-01-01,2,82,0
2012-01-01,2,83,0
2012-01-01,2,84,0
2012-01-01,2,85,0
2012-01-01,2,86,0
2012-01-01,2,87,0
2012-01-01,2,88,0
2012-01-01,2,89,0
2012-01-01,2,90,0
2012-01-01,2,91,0
2012-01-01,2,92,0
2012-01-01,2,93,0
2012-01-01,2,94,0
2012-01-01,2,95,0
2012-01-01,2,96,0
2012-01-01,2,97,0
2012-01-01,2,98,0
2012-01-01,2,99,0
2012-01-01,2,100,0
2012-01-01,2,101,0
2012-01-01,2,102,0
2012-01-01,2,103,0
2012-01-01,2,104,0
2012-01-01,2,105,0
2012-01-01,2,106,0
2012-01-01,2,107,0
2012-01-01,2,108,0
2012-01-01,2,109,0
2012-01-01,2,110,0
2012-01-01,2,111,0
2012-01-01,3,1,0
2012-01-01,3,2,0
2012-01-01,3,3,0
2012-01-01,3,4,0
2012-01-01,3,5,214
2012-01-01,3,6,0
2012-01-01,3,7,0
2012-01-01,3,8,0
2012-01-01,3,9,0
2012-01-01,3,10,0
2012-01-01,3,11,0
2012-01-01,3,12,0
2012-01-01,3,13,0
2012-01-01,3,14,0
2012-01-01,3,15,0
2012-01-01,3,16,0
2012-01-01,3,17,0
2012-01-01,3,18,0
2012-01-01,3,19,0
2012-01-01,3,20,0
2012-01-01,3,21,0
2012-01-01,3,22,0
2012-01-01,3,23,0
2012-01-01,3,24,0
2012-01-01,3,25,0
2012-01-01,3,26,0
2012-01-01,3,27,0
2012-01-01,3,28,0
2012-01-01,3,29,0
2012-01-01,3,30,0
2012-01-01,3,31,0
2012-01-01,3,32,0
2012-01-01,3,33,0
2012-01-01,3,34,0
2012-01-01,3,35,0
2012-01-01,3,36,0
2012-01-01,3,37,0
2012-01-01,3,38,0
2012-01-01,3,39,0
2012-01-01,3,40,0
2012-01-01,3,41,0
2012-01-01,3,42,0
2012-01-01,3,43,0
2012-01-01,3,44,0
2012-01-01,3,45,112
2012-01-01,3,46,0
2012-01-01,3,47,0
2012-01-01,3,48,0
2012-01-01,3,49,0
2012-01-01,3,50,0
2012-01-01,3,51,0
2012-01-01,3,52,0
2012-01-01,3,53,0
2012-01-01,3,54,0
2012-01-01,3,55,0
2012-01-01,3,56,0
2012-01-01,3,57,0
2012-01-01,3,58,0
2012-01-01,3,59,0
2012-01-01,3,60,0
2012-01-01,3,61,0
2012-01-01,3,62,0
2012-01-01,3,63,0
2012-01-01,3,64,0
2012-01-01,3,65,0
2012-01-01,3,66,0
2012-01-01,3,67,0
2012-01-01,3,68,0
2012-01-01,3,69,0
2012-01-01,3,70,0
2012-01-01,3,71,0
2012-01-01,3,72,0
2012-01-01,3,73,0
2012-01-01,3,74,0
2012-01-01,3,75,0
2012-01-01,3,76,0
2012-01-01,3,77,0
2012-01-01,3,78,0
2012-01-01,3,79,0
2012-01-01,3,80,0
2012-01-01,3,81,0
2012-01-01,3,82,0
2012-01-01,3,83,0
2012-01-01,3,84,0
2012-01-01,3,85,0
2012-01-01,3,86,0
2012-01-01,3,87,0
2012-01-01,3,88,0
2012-01-01,3,89,0
2012-01-01,3,90,0
2012-01-01,3,91,0
2012-01-01,3,92,0
2012-01-01,3,93,0
2012-01-01,3,94,0
2012-01-01,3,95,0
2012-01-01,3,96,0
2012-01-01,3,97,0
2012-01-01,3,98,0
2012-01-01,3,99,0
2012-01-01,3,100,0
2012-01-01,3,101,0
2012-01-01,3,102,0
2012-01-01,3,103,0
2012-01-01,3,104,0
2012-01-01,3,105,0
2012-01-01,3,106,0
2012-01-01,3,107,0
2012-01-01,3,108,0
2012-01-01,3,109,0
2012-01-01,3,110,0
2012-01-01,3,111,0
2012-01-01,4,1,0
2012-01-01,4,2,0
2012-01-01,4,3,0
2012-01-01,4,4,0
2012-01-01,4,5,0
2012-01-01,4,6,0
2012-01-01,4,7,0
2012-01-01,4,8,0
2012-01-01,4,9,61
2012-01-01,4,10,0
2012-01-01,4,11,0
2012-01-01,4,12,0
2012-01-01,4,13,0
2012-01-01,4,14,0
2012-01-01,4,15,0
2012-01-01,4,16,0
2012-01-01,4,17,0
2012-01-01,4,18,0
2012-01-01,4,19,0
2012-01-01,4,20,0
2012-01-01,4,21,0
2012-01-01,4,22,0
2012-01-01,4,23,0
2012-01-01,4,24,0
2012-01-01,4,25,0
2012-01-01,4,26,0
2012-01-01,4,27,21
2012-01-01,4,28,0
2012-01-01,4,29,0
2012-01-01,4,30,0
2012-01-01,4,31,0
2012-01-01,4,32,0
2012-01-01,4,33,0
2012-01-01,4,34,0
2012-01-01,4,35,0
2012-01-01,4,36,0
2012-01-01,4,37,0
2012-01-01,4,38,0
2012-01-01,4,39,0
2012-01-01,4,40,0
2012-01-01,4,41,0
2012-01-01,4,42,0
2012-01-01,4,43,0
2012-01-01,4,44,0
2012-01-01,4,45,0
2012-01-01,4,46,0
2012-01-01,4,47,0
2012-01-01,4,48,0
2012-01-01,4,49,0
2012-01-01,4,50,0
2012-01-01,4,51,0
2012-01-01,4,52,0
2012-01-01,4,53,0
2012-01-01,4,54,0
2012-01-01,4,55,0
2012-01-01,4,56,0
2012-01-01,4,57,0
2012-01-01,4,58,0
2012-01-01,4,59,0
2012-01-01,4,60,0
2012-01-01,4,61,0
2012-01-01,4,62,0
2012-01-01,4,63,0
2012-01-01,4,64,0
2012-01-01,4,65,0
2012-01-01,4,66,0
2012-01-01,4,67,0
2012-01-01,4,68,0
2012-01-01,4,69,0
2012-01-01,4,70,0
2012-01-01,4,71,0
2012-01-01,4,72,0
2012-01-01,4,73,0
2012-01-01,4,74,0
2012-01-01,4,75,0
2012-01-01,4,76,0
2012-01-01,4,77,0
2012-01-01,4,78,0
2012-01-01,4,79,0
2012-01-01,4,80,0
2012-01-01,4,81,0
2012-01-01,4,82,0
2012-01-01,4,83,0
2012-01-01,4,84,0
2012-01-01,4,85,0
2012-01-01,4,86,0
2012-01-01,4,87,0
2012-01-01,4,88,0
2012-01-01,4,89,0
2012-01-01,4,90,0
2012-01-01,4,91,0
2012-01-01,4,92,0
2012-01-01,4,93,0
2012-01-01,4,94,0
2012-01-01,4,95,0
2012-01-01,4,96,0
2012-01-01,4,97,0
2012-01-01,4,98,0
2012-01-01,4,99,0
2012-01-01,4,100,0
2012-01-01,4,101,0
2012-01-01,4,102,0
2012-01-01,4,103,0
2012-01-01,4,104,0
2012-01-01,4,105,0
2012-01-01,4,106,0
2012-01-01,4,107,0
2012-01-01,4,108,0
2012-01-01,4,109,0
2012-01-01,4,110,0
2012-01-01,4,111,0
2012-01-01,5,1,0
2012-01-01,5,2,0
2012-01-01,5,3,0
2012-01-01,5,4,0
2012-01-01,5,5,0
2012-01-01,5,6,0
2012-01-01,5,7,0
2012-01-01,5,8,0
2012-01-01,5,9,0
2012-01-01,5,10,0
2012-01-01,5,11,0
2012-01-01,5,12,0
2012-01-01,5,13,0
2012-01-01,5,14,0
2012-01-01,5,15,0
2012-01-01,5,16,24
2012-01-01,5,17,0
2012-01-01,5,18,0
2012-01-01,5,19,0
2012-01-01,5,20,0
2012-01-01,5,21,0
2012-01-01,5,22,0
2012-01-01,5,23,0
2012-01-01,5,24,0
2012-01-01,5,25,0
2012-01-01,5,26,0
2012-01-01,5,27,0
2012-01-01,5,28,0
2012-01-01,5,29,0
2012-01-01,5,30,0
2012-01-01,5,31,0
2012-01-01,5,32,1
2012-01-01,5,33,0
2012-01-01,5,34,0
2012-01-01,5,35,0
2012-01-01,5,36,0
2012-01-01,5,37,16
2012-01-01,5,38,0
2012-01-01,5,39,0
2012-01-01,5,40,0
2012-01-01,5,41,0
2012-01-01,5,42,0
2012-01-01,5,43,0
2012-01-01,5,44,0
2012-01-01,5,45,0
2012-01-01,5,46,0
2012-01-01,5,47,0
2012-01-01,5,48,0
2012-01-01,5,49,0
2012-01-01,5,50,0
2012-01-01,5,51,0
2012-01-01,5,52,0
2012-01-01,5,53,0
2012-01-01,5,54,0
2012-01-01,5,55,0
2012-01-01,5,56,0
2012-01-01,5,57,0
2012-01-01,5,58,0
2012-01-01,5,59,0
2012-01-01,5,60,0
2012-01-01,5,61,0
2012-01-01,5,62,0
2012-01-01,5,63,0
2012-01-01,5,64,0
2012-01-01,5,65,0
2012-01-01,5,66,0
2012-01-01,5,67,0
2012-01-01,5,68,0
2012-01-01,5,69,0
2012-01-01,5,70,0
2012-01-01,5,71,0
2012-01-01,5,72,0
2012-01-01,5,73,0
2012-01-01,5,74,0
2012-01-01,5,75,0
2012-01-01,5,76,0
2012-01-01,5,77,0
2012-01-01,5,78,0
2012-01-01,5,79,0
2012-01-01,5,80,0
2012-01-01,5,81,0
2012-01-01,5,82,0
2012-01-01,5,83,0
2012-01-01,5,84,0
2012-01-01,5,85,0
2012-01-01,5,86,0
2012-01-01,5,87,0
2012-01-01,5,88,0
2012-01-01,5,89,0
2012-01-01,5,90,0
2012-01-01,5,91,0
2012-01-01,5,92,0
2012-01-01,5,93,0
2012-01-01,5,94,0
2012-01-01,5,95,0
2012-01-01,5,96,0
2012-01-01,5,97,0
2012-01-01,5,98,0
2012-01-01,5,99,0
2012-01-01,5,100,0
2012-01-01,5,101,0
2012-01-01,5,102,0
2012-01-01,5,103,0
2012-01-01,5,104,0
2012-01-01,5,105,0
2012-01-01,5,106,0
2012-01-01,5,107,0
2012-01-01,5,108,0
2012-01-01,5,109,0
2012-01-01,5,110,0
2012-01-01,5,111,0
2012-01-01,6,1,0
2012-01-01,6,2,0
2012-01-01,6,3,0
2012-01-01,6,4,0
2012-01-01,6,5,0
2012-01-01,6,6,0
2012-01-01,6,7,0
2012-01-01,6,8,0
2012-01-01,6,9,44
2012-01-01,6,10,0
2012-01-01,6,11,0
2012-01-01,6,12,0
2012-01-01,6,13,0
2012-01-01,6,14,0
2012-01-01,6,15,0
2012-01-01,6,16,0
2012-01-01,6,17,0
2012-01-01,6,18,0
2012-01-01,6,19,0
2012-01-01,6,20,0
2012-01-01,6,21,0
2012-01-01,6,22,0
2012-01-01,6,23,0
2012-01-01,6,24,0
2012-01-01,6,25,0
2012-01-01,6,26,0
2012-01-01,6,27,0
2012-01-01,6,28,0
2012-01-01,6,29,0
2012-01-01,6,30,0
2012-01-01,6,31,0
2012-01-01,6,32,0
2012-01-01,6,33,0
2012-01-01,6,34,0
2012-01-01,6,35,0
2012-01-01,6,36,0
2012-01-01,6,37,0
2012-01-01,6,38,0
2012-01-01,6,39,0
2012-01-01,6,40,0
2012-01-01,6,41,0
2012-01-01,6,42,0
2012-01-01,6,43,0
2012-01-01,6,44,0
2012-01-01,6,45,86
2012-01-01,6,46,0
2012-01-01,6,47,0
2012-01-01,6,48,0
2012-01-01,6,49,0
2012-01-01,6,50,0
2012-01-01,6,51,0
2012-01-01,6,52,0
2012-01-01,6,53,0
2012-01-01,6,54,0
2012-01-01,6,55,0
2012-01-01,6,56,0
2012-01-01,6,57,0
2012-01-01,6,58,0
2012-01-01,6,59,0
2012-01-01,6,60,0
2012-01-01,6,61,0
2012-01-01,6,62,0
2012-01-01,6,63,0
2012-01-01,6,64,0
2012-01-01,6,65,0
2012-01-01,6,66,0
2012-01-01,6,67,0
2012-01-01,6,68,0
2012-01-01,6,69,0
2012-01-01,6,70,0
2012-01-01,6,71,0
2012-01-01,6,72,0
2012-01-01,6,73,0
2012-01-01,6,74,0
2012-01-01,6,75,0
2012-01-01,6,76,0
2012-01-01,6,77,0
2012-01-01,6,78,0
2012-01-01,6,79,0
2012-01-01,6,80,0
2012-01-01,6,81,0
2012-01-01,6,82,0
2012-01-01,6,83,0
2012-01-01,6,84,0
2012-01-01,6,85,0
2012-01-01,6,86,0
2012-01-01,6,87,0
2012-01-01,6,88,0
2012-01-01,6,89,0
2012-01-01,6,90,0
2012-01-01,6,91,0
2012-01-01,6,92,0
2012-01-01,6,93,0
2012-01-01,6,94,0
2012-01-01,6,95,0
2012-01-01,6,96,0
2012-01-01,6,97,0
2012-01-01,6,98,0
2012-01-01,6,99,0
2012-01-01,6,100,0
2012-01-01,6,101,0
2012-01-01,6,102,0
2012-01-01,6,103,0
2012-01-01,6,104,0
2012-01-01,6,105,0
2012-01-01,6,106,0
2012-01-01,6,107,0
2012-01-01,6,108,0
2012-01-01,6,109,0
2012-01-01,6,110,0
2012-01-01,6,111,0
2012-01-01,7,1,0
2012-01-01,7,2,0
2012-01-01,7,3,0
2012-01-01,7,4,0
2012-01-01,7,5,137
2012-01-01,7,6,0
2012-01-01,7,7,2
2012-01-01,7,8,0
2012-01-01,7,9,0
2012-01-01,7,10,0
2012-01-01,7,11,0
2012-01-01,7,12,0
2012-01-01,7,13,0
2012-01-01,7,14,0
2012-01-01,7,15,0
2012-01-01,7,16,0
2012-01-01,7,17,0
2012-01-01,7,18,0
2012-01-01,7,19,0
2012-01-01,7,20,0
2012-01-01,7,21,0
2012-01-01,7,22,0
2012-01-01,7,23,16
2012-01-01,7,24,0
2012-01-01,7,25,0
2012-01-01,7,26,0
2012-01-01,7,27,0
2012-01-01,7,28,0
2012-01-01,7,29,0
2012-01-01,7,30,0
2012-01-01,7,31,0
2012-01-01,7,32,0
2012-01-01,7,33,0
2012-01-01,7,34,0
2012-01-01,7,35,0
2012-01-01,7,36,0
2012-01-01,7,37,0
2012-01-01,7,38,0
2012-01-01,7,39,0
2012-01-01,7,40,0
2012-01-01,7,41,0
2012-01-01,7,42,0
2012-01-01,7,43,0
2012-01-01,7,44,0
2012-01-01,7,45,0
2012-01-01,7,46,0
2012-01-01,7,47,0
2012-01-01,7,48,0
2012-01-01,7,49,0
2012-01-01,7,50,0
2012-01-01,7,51,0
2012-01-01,7,52,0
2012-01-01,7,53,0
2012-01-01,7,54,0
2012-01-01,7,55,0
2012-01-01,7,56,0
2012-01-01,7,57,0
2012-01-01,7,58,0
2012-01-01,7,59,0
2012-01-01,7,60,0
2012-01-01,7,61,0
2012-01-01,7,62,0
2012-01-01,7,63,0
2012-01-01,7,64,0
2012-01-01,7,65,0
2012-01-01,7,66,0
2012-01-01,7,67,0
2012-01-01,7,68,0
2012-01-01,7,69,0
2012-01-01,7,70,0
2012-01-01,7,71,0
2012-01-01,7,72,0
2012-01-01,7,73,0
2012-01-01,7,74,0
2012-01-01,7,75,0
2012-01-01,7,76,0
2012-01-01,7,77,0
2012-01-01,7,78,0
2012-01-01,7,79,0
2012-01-01,7,80,0
2012-01-01,7,81,0
2012-01-01,7,82,0
2012-01-01,7,83,0
2012-01-01,7,84,0
2012-01-01,7,85,0
2012-01-01,7,86,0
2012-01-01,7,87,0
2012-01-01,7,88,0
2012-01-01,7,89,0
2012-01-01,7,90,0
2012-01-01,7,91,0
2012-01-01,7,92,0
2012-01-01,7,93,0
2012-01-01,7,94,0
2012-01-01,7,95,0
2012-01-01,7,96,0
2012-01-01,7,97,0
2012-01-01,7,98,0
2012-01-01,7,99,0
2012-01-01,7,100,0
2012-01-01,7,101,0
2012-01-01,7,102,0
2012-01-01,7,103,0
2012-01-01,7,104,0
2012-01-01,7,105,0
2012-01-01,7,106,0
2012-01-01,7,107,0
2012-01-01,7,108,0
2012-01-01,7,109,0
2012-01-01,7,110,0
2012-01-01,7,111,0
2012-01-01,8,1,0
2012-01-01,8,2,0
2012-01-01,8,3,0
2012-01-01,8,4,0
2012-01-01,8,5,38
2012-01-01,8,6,0
2012-01-01,8,7,0
2012-01-01,8,8,0
2012-01-01,8,9,0
2012-01-01,8,10,0
2012-01-01,8,11,0
2012-01-01,8,12,0
2012-01-01,8,13,0
2012-01-01,8,14,0
2012-01-01,8,15,0
2012-01-01,8,16,0
2012-01-01,8,17,0
2012-01-01,8,18,0
2012-01-01,8,19,0
2012-01-01,8,20,0
2012-01-01,8,21,0
2012-01-01,8,22,0
2012-01-01,8,23,4
2012-01-01,8,24,0
2012-01-01,8,25,0
2012-01-01,8,26,0
2012-01-01,8,27,0
2012-01-01,8,28,0
2012-01-01,8,29,0
2012-01-01,8,30,0
2012-01-01,8,31,0
2012-01-01,8,32,0
2012-01-01,8,33,0
2012-01-01,8,34,0
2012-01-01,8,35,0
2012-01-01,8,36,0
2012-01-01,8,37,0
2012-01-01,8,38,0
2012-01-01,8,39,0
2012-01-01,8,40,0
2012-01-01,8,41,0
2012-01-01,8,42,0
2012-01-01,8,43,0
2012-01-01,8,44,0
2012-01-01,8,45,0
2012-01-01,8,46,0
2012-01-01,8,47,0
2012-01-01,8,48,0
2012-01-01,8,49,0
2012-01-01,8,50,0
2012-01-01,8,51,0
2012-01-01,8,52,0
2012-01-01,8,53,0
2012-01-01,8,54,0
2012-01-01,8,55,0
2012-01-01,8,56,0
2012-01-01,8,57,0
2012-01-01,8,58,0
2012-01-01,8,59,0
2012-01-01,8,60,0
2012-01-01,8,61,0
2012-01-01,8,62,0
2012-01-01,8,63,0
2012-01-01,8,64,0
2012-01-01,8,65,0
2012-01-01,8,66,0
2012-01-01,8,67,0
2012-01-01,8,68,0
2012-01-01,8,69,0
2012-01-01,8,70,0
2012-01-01,8,71,0
2012-01-01,8,72,0
2012-01-01,8,73,0
2012-01-01,8,74,0
2012-01-01,8,75,0
2012-01-01,8,76,0
2012-01-01,8,77,0
2012-01-01,8,78,0
2012-01-01,8,79,0
2012-01-01,8,80,0
2012-01-01,8,81,0
2012-01-01,8,82,0
2012-01-01,8,83,0
2012-01-01,8,84,0
2012-01-01,8,85,0
2012-01-01,8,86,0
2012-01-01,8,87,0
2012-01-01,8,88,0
2012-01-01,8,89,0
2012-01-01,8,90,0
2012-01-01,8,91,0
2012-01-01,8,92,0
2012-01-01,8,93,0
2012-01-01,8,94,0
2012-01-01,8,95,0
2012-01-01,8,96,0
2012-01-01,8,97,0
2012-01-01,8,98,0
2012-01-01,8,99,0
2012-01-01,8,100,0
2012-01-01,8,101,0
2012-01-01,8,102,0
2012-01-01,8,103,0
2012-01-01,8,104,0
2012-01-01,8,105,0
2012-01-01,8,106,0
2012-01-01,8,107,0
2012-01-01,8,108,0
2012-01-01,8,109,0
2012-01-01,8,110,0
2012-01-01,8,111,0
2012-01-01,9,1,0
2012-01-01,9,2,0
2012-01-01,9,3,0
2012-01-01,9,4,0
2012-01-01,9,5,131
2012-01-01,9,6,0
2012-01-01,9,7,0
2012-01-01,9,8,0
2012-01-01,9,9,0
2012-01-01,9,10,4
2012-01-01,9,11,0
2012-01-01,9,12,0
2012-01-01,9,13,0
2012-01-01,9,14,0
2012-01-01,9,15,0
2012-01-01,9,16,0
2012-01-01,9,17,0
2012-01-01,9,18,0
2012-01-01,9,19,0
2012-01-01,9,20,0
2012-01-01,9,21,0
2012-01-01,9,22,0
2012-01-01,9,23,0
2012-01-01,9,24,0
2012-01-01,9,25,0
2012-01-01,9,26,0
2012-01-01,9,27,0
2012-01-01,9,28,0
2012-01-01,9,29,0
2012-01-01,9,30,0
2012-01-01,9,31,0
2012-01-01,9,32,0
2012-01-01,9,33,0
2012-01-01,9,34,0
2012-01-01,9,35,0
2012-01-01,9,36,0
2012-01-01,9,37,0
2012-01-01,9,38,0
2012-01-01,9,39,0
2012-01-01,9,40,0
2012-01-01,9,41,0
2012-01-01,9,42,0
2012-01-01,9,43,0
2012-01-01,9,44,0
2012-01-01,9,45,72
2012-01-01,9,46,0
2012-01-01,9,47,0
2012-01-01,9,48,0
2012-01-01,9,49,0
2012-01-01,9,50,0
2012-01-01,9,51,0
2012-01-01,9,52,0
2012-01-01,9,53,0
2012-01-01,9,54,0
2012-01-01,9,55,0
2012-01-01,9,56,0
2012-01-01,9,57,0
2012-01-01,9,58,0
2012-01-01,9,59,0
2012-01-01,9,60,0
2012-01-01,9,61,0
2012-01-01,9,62,0
2012-01-01,9,63,0
2012-01-01,9,64,0
2012-01-01,9,65,0
2012-01-01,9,66,0
2012-01-01,9,67,0
2012-01-01,9,68,0
2012-01-01,9,69,0
2012-01-01,9,70,0
2012-01-01,9,71,0
2012-01-01,9,72,0
2012-01-01,9,73,0
2012-01-01,9,74,0
2012-01-01,9,75,0
2012-01-01,9,76,0
2012-01-01,9,77,0
2012-01-01,9,78,0
2012-01-01,9,79,0
2012-01-01,9,80,0
2012-01-01,9,81,0
2012-01-01,9,82,0
2012-01-01,9,83,0
2012-01-01,9,84,0
2012-01-01,9,85,0
2012-01-01,9,86,0
2012-01-01,9,87,0
2012-01-01,9,88,0
2012-01-01,9,89,0
2012-01-01,9,90,0
2012-01-01,9,91,0
2012-01-01,9,92,0
2012-01-01,9,93,4
2012-01-01,9,94,0
2012-01-01,9,95,0
2012-01-01,9,96,0
2012-01-01,9,97,0
2012-01-01,9,98,0
2012-01-01,9,99,0
2012-01-01,9,100,0
2012-01-01,9,101,0
2012-01-01,9,102,0
2012-01-01,9,103,0
2012-01-01,9,104,0
2012-01-01,9,105,0
2012-01-01,9,106,0
2012-01-01,9,107,0
2012-01-01,9,108,0
2012-01-01,9,109,0
2012-01-01,9,110,0
2012-01-01,9,111,0
2012-01-01,10,1,0
2012-01-01,10,2,0
2012-01-01,10,3,0
2012-01-01,10,4,0
2012-01-01,10,5,98
2012-01-01,10,6,0
2012-01-01,10,7,0
2012-01-01,10,8,0
2012-01-01,10,9,0
2012-01-01,10,10,0
2012-01-01,10,11,0
2012-01-01,10,12,0
2012-01-01,10,13,0
2012-01-01,10,14,0
2012-01-01,10,15,0
2012-01-01,10,16,0
2012-01-01,10,17,0
2012-01-01,10,18,0
2012-01-01,10,19,0
2012-01-01,10,20,0
2012-01-01,10,21,0
2012-01-01,10,22,0
2012-01-01,10,23,0
2012-01-01,10,24,0
2012-01-01,10,25,0
2012-01-01,10,26,0
2012-01-01,10,27,0
2012-01-01,10,28,0
2012-01-01,10,29,0
2012-01-01,10,30,0
2012-01-01,10,31,0
2012-01-01,10,32,0
2012-01-01,10,33,0
2012-01-01,10,34,0
2012-01-01,10,35,0
2012-01-01,10,36,0
2012-01-01,10,37,32
2012-01-01,10,38,0
2012-01-01,10,39,0
2012-01-01,10,40,0
2012-01-01,10,41,0
2012-01-01,10,42,0
2012-01-01,10,43,0
2012-01-01,10,44,0
2012-01-01,10,45,0
2012-01-01,10,46,0
2012-01-01,10,47,0
2012-01-01,10,48,0
2012-01-01,10,49,0
2012-01-01,10,50,0
2012-01-01,10,51,0
2012-01-01,10,52,0
2012-01-01,10,53,0
2012-01-01,10,54,0
2012-01-01,10,55,0
2012-01-01,10,56,0
2012-01-01,10,57,0
2012-01-01,10,58,0
2012-01-01,10,59,0
2012-01-01,10,60,0
2012-01-01,10,61,0
2012-01-01,10,62,0
2012-01-01,10,63,0
2012-01-01,10,64,0
2012-01-01,10,65,0
2012-01-01,10,66,0
2012-01-01,10,67,0
2012-01-01,10,68,0
2012-01-01,10,69,0
2012-01-01,10,70,0
2012-01-01,10,71,0
2012-01-01,10,72,0
2012-01-01,10,73,0
2012-01-01,10,74,0
2012-01-01,10,75,0
2012-01-01,10,76,0
2012-01-01,10,77,0
2012-01-01,10,78,0
2012-01-01,10,79,0
2012-01-01,10,80,0
2012-01-01,10,81,0
2012-01-01,10,82,0
2012-01-01,10,83,0
2012-01-01,10,84,0
2012-01-01,10,85,0
2012-01-01,10,86,0
2012-01-01,10,87,0
2012-01-01,10,88,0
2012-01-01,10,89,0
2012-01-01,10,90,0
2012-01-01,10,91,0
2012-01-01,10,92,0
2012-01-01,10,93,3
2012-01-01,10,94,0
2012-01-01,10,95,0
2012-01-01,10,96,0
2012-01-01,10,97,0
2012-01-01,10,98,0
2012-01-01,10,99,0
2012-01-01,10,100,0
2012-01-01,10,101,0
2012-01-01,10,102,0
2012-01-01,10,103,0
2012-01-01,10,104,0
2012-01-01,10,105,0
2012-01-01,10,106,0
2012-01-01,10,107,0
2012-01-01,10,108,0
2012-01-01,10,109,0
2012-01-01,10,110,0
2012-01-01,10,111,0
2012-01-01,11,1,0
2012-01-01,11,2,0
2012-01-01,11,3,0
2012-01-01,11,4,0
2012-01-01,11,5,0
2012-01-01,11,6,0
2012-01-01,11,7,0
2012-01-01,11,8,0
2012-01-01,11,9,74
2012-01-01,11,10,0
2012-01-01,11,11,0
2012-01-01,11,12,0
2012-01-01,11,13,0
2012-01-01,11,14,0
2012-01-01,11,15,0
2012-01-01,11,16,0
2012-01-01,11,17,0
2012-01-01,11,18,0
2012-01-01,11,19,0
2012-01-01,11,20,0
2012-01-01,11,21,0
2012-01-01,11,22,0
2012-01-01,11,23,0
2012-01-01,11,24,0
2012-01-01,11,25,0
2012-01-01,11,26,0
2012-01-01,11,27,0
2012-01-01,11,28,0
2012-01-01,11,29,0
2012-01-01,11,30,0
2012-01-01,11,31,0
2012-01-01,11,32,0
2012-01-01,11,33,0
2012-01-01,11,34,0
2012-01-01,11,35,0
2012-01-01,11,36,0
2012-01-01,11,37,0
2012-01-01,11,38,0
2012-01-01,11,39,0
2012-01-01,11,40,0
2012-01-01,11,41,0
2012-01-01,11,42,0
2012-01-01,11,43,0
2012-01-01,11,44,0
2012-01-01,11,45,0
2012-01-01,11,46,0
2012-01-01,11,47,0
2012-01-01,11,48,0
2012-01-01,11,49,0
2012-01-01,11,50,0
2012-01-01,11,51,0
2012-01-01,11,52,0
2012-01-01,11,53,0
2012-01-01,11,54,0
2012-01-01,11,55,0
2012-01-01,11,56,0
2012-01-01,11,57,0
2012-01-01,11,58,0
2012-01-01,11,59,0
2012-01-01,11,60,0
2012-01-01,11,61,0
2012-01-01,11,62,0
2012-01-01,11,63,0
2012-01-01,11,64,0
2012-01-01,11,65,0
2012-01-01,11,66,0
2012-01-01,11,67,0
2012-01-01,11,68,48
2012-01-01,11,69,0
2012-01-01,11,70,0
2012-01-01,11,71,0
2012-01-01,11,72,0
2012-01-01,11,73,0
2012-01-01,11,74,0
2012-01-01,11,75,0
2012-01-01,11,76,0
2012-01-01,11,77,0
2012-01-01,11,78,0
2012-01-01,11,79,0
2012-01-01,11,80,0
2012-01-01,11,81,0
2012-01-01,11,82,0
2012-01-01,11,83,0
2012-01-01,11,84,0
2012-01-01,11,85,0
2012-01-01,11,86,0
2012-01-01,11,87,0
2012-01-01,11,88,0
2012-01-01,11,89,0
2012-01-01,11,90,0
2012-01-01,11,91,0
2012-01-01,11,92,0
2012-01-01,11,93,0
2012-01-01,11,94,0
2012-01-01,11,95,0
2012-01-01,11,96,0
2012-01-01,11,97,0
2012-01-01,11,98,0
2012-01-01,11,99,0
2012-01-01,11,100,0
2012-01-01,11,101,0
2012-01-01,11,102,0
2012-01-01,11,103,0
2012-01-01,11,104,0
2012-01-01,11,105,0
2012-01-01,11,106,0
2012-01-01,11,107,0
2012-01-01,11,108,0
2012-01-01,11,109,0
2012-01-01,11,110,0
2012-01-01,11,111,0
2012-01-01,12,1,0
2012-01-01,12,2,0
2012-01-01,12,3,0
2012-01-01,12,4,0
2012-01-01,12,5,0
2012-01-01,12,6,0
2012-01-01,12,7,0
2012-01-01,12,8,0
2012-01-01,12,9,0
2012-01-01,12,10,0
2012-01-01,12,11,0
2012-01-01,12,12,0
2012-01-01,12,13,0
2012-01-01,12,14,0
2012-01-01,12,15,0
2012-01-01,12,16,29
2012-01-01,12,17,0
2012-01-01,12,18,0
2012-01-01,12,19,0
2012-01-01,12,20,0
2012-01-01,12,21,0
2012-01-01,12,22,0
2012-01-01,12,23,0
2012-01-01,12,24,0
2012-01-01,12,25,0
2012-01-01,12,26,0
2012-01-01,12,27,0
2012-01-01,12,28,0
2012-01-01,12,29,0
2012-01-01,12,30,0
2012-01-01,12,31,0
2012-01-01,12,32,0
2012-01-01,12,33,0
2012-01-01,12,34,0
2012-01-01,12,35,0
2012-01-01,12,36,0
2012-01-01,12,37,28
2012-01-01,12,38,0
2012-01-01,12,39,0
2012-01-01,12,40,0
2012-01-01,12,41,0
2012-01-01,12,42,0
2012-01-01,12,43,0
2012-01-01,12,44,0
2012-01-01,12,45,0
2012-01-01,12,46,0
2012-01-01,12,47,0
2012-01-01,12,48,0
2012-01-01,12,49,0
2012-01-01,12,50,0
2012-01-01,12,51,0
2012-01-01,12,52,0
2012-01-01,12,53,0
2012-01-01,12,54,0
2012-01-01,12,55,0
2012-01-01,12,56,0
2012-01-01,12,57,0
2012-01-01,12,58,0
2012-01-01,12,59,0
2012-01-01,12,60,0
2012-01-01,12,61,0
2012-01-01,12,62,0
2012-01-01,12,63,0
2012-01-01,12,64,0
2012-01-01,12,65,0
2012-01-01,12,66,0
2012-01-01,12,67,0
2012-01-01,12,68,0
2012-01-01,12,69,0
2012-01-01,12,70,0
2012-01-01,12,71,0
2012-01-01,12,72,0
2012-01-01,12,73,0
2012-01-01,12,74,0
2012-01-01,12,75,0
2012-01-01,12,76,0
2012-01-01,12,77,0
2012-01-01,12,78,0
2012-01-01,12,79,2
2012-01-01,12,80,0
2012-01-01,12,81,0
2012-01-01,12,82,0
2012-01-01,12,83,0
2012-01-01,12,84,0
2012-01-01,12,85,0
2012-01-01,12,86,0
2012-01-01,12,87,0
2012-01-01,12,88,0
2012-01-01,12,89,0
2012-01-01,12,90,0
2012-01-01,12,91,0
2012-01-01,12,92,0
2012-01-01,12,93,1
2012-01-01,12,94,0
2012-01-01,12,95,0
2012-01-01,12,96,0
2012-01-01,12,97,0
2012-01-01,12,98,0
2012-01-01,12,99,0
2012-01-01,12,100,0
2012-01-01,12,101,0
2012-01-01,12,102,0
2012-01-01,12,103,0
2012-01-01,12,104,0
2012-01-01,12,105,0
2012-01-01,12,106,0
2012-01-01,12,107,0
2012-01-01,12,108,0
2012-01-01,12,109,0
2012-01-01,12,110,0
2012-01-01,12,111,0
2012-01-01,13,1,0
2012-01-01,13,2,0
2012-01-01,13,3,0
2012-01-01,13,4,0
2012-01-01,13,5,77
2012-01-01,13,6,0
2012-01-01,13,7,0
2012-01-01,13,8,0
2012-01-01,13,9,0
2012-01-01,13,10,0
2012-01-01,13,11,0
2012-01-01,13,12,0
2012-01-01,13,13,0
2012-01-01,13,14,0
2012-01-01,13,15,0
2012-01-01,13,16,0
2012-01-01,13,17,0
2012-01-01,13,18,0
2012-01-01,13,19,0
2012-01-01,13,20,0
2012-01-01,13,21,0
2012-01-01,13,22,0
2012-01-01,13,23,0
2012-01-01,13,24,0
2012-01-01,13,25,0
2012-01-01,13,26,0
2012-01-01,13,27,0
2012-01-01,13,28,0
2012-01-01,13,29,0
2012-01-01,13,30,0
2012-01-01,13,31,0
2012-01-01,13,32,0
2012-01-01,13,33,0
2012-01-01,13,34,0
2012-01-01,13,35,0
2012-01-01,13,36,121
2012-01-01,13,37,0
2012-01-01,13,38,0
2012-01-01,13,39,0
2012-01-01,13,40,0
2012-01-01,13,41,0
2012-01-01,13,42,0
2012-01-01,13,43,0
2012-01-01,13,44,0
2012-01-01,13,45,0
2012-01-01,13,46,1
2012-01-01,13,47,0
2012-01-01,13,48,0
2012-01-01,13,49,0
2012-01-01,13,50,0
2012-01-01,13,51,0
2012-01-01,13,52,0
2012-01-01,13,53,0
2012-01-01,13,54,0
2012-01-01,13,55,0
2012-01-01,13,56,0
2012-01-01,13,57,0
2012-01-01,13,58,0
2012-01-01,13,59,0
2012-01-01,13,60,0
2012-01-01,13,61,0
2012-01-01,13,62,0
2012-01-01,13,63,0
2012-01-01,13,64,0
2012-01-01,13,65,0
2012-01-01,13,66,0
2012-01-01,13,67,0
2012-01-01,13,68,0
2012-01-01,13,69,0
2012-01-01,13,70,0
2012-01-01,13,71,0
2012-01-01,13,72,0
2012-01-01,13,73,0
2012-01-01,13,74,0
2012-01-01,13,75,0
2012-01-01,13,76,0
2012-01-01,13,77,0
2012-01-01,13,78,0
2012-01-01,13,79,0
2012-01-01,13,80,0
2012-01-01,13,81,0
2012-01-01,13,82,0
2012-01-01,13,83,0
2012-01-01,13,84,0
2012-01-01,13,85,0
2012-01-01,13,86,0
2012-01-01,13,87,0
2012-01-01,13,88,0
2012-01-01,13,89,0
2012-01-01,13,90,0
2012-01-01,13,91,0
2012-01-01,13,92,0
2012-01-01,13,93,0
2012-01-01,13,94,0
2012-01-01,13,95,0
2012-01-01,13,96,0
2012-01-01,13,97,0
2012-01-01,13,98,0
2012-01-01,13,99,0
2012-01-01,13,100,0
2012-01-01,13,101,0
2012-01-01,13,102,0
2012-01-01,13,103,0
2012-01-01,13,104,0
2012-01-01,13,105,0
2012-01-01,13,106,0
2012-01-01,13,107,0
2012-01-01,13,108,0
2012-01-01,13,109,0
2012-01-01,13,110,0
2012-01-01,13,111,0
2012-01-01,14,1,0
2012-01-01,14,2,0
2012-01-01,14,3,0
2012-01-01,14,4,0
2012-01-01,14,5,0
2012-01-01,14,6,0
2012-01-01,14,7,0
2012-01-01,14,8,0
2012-01-01,14,9,8
2012-01-01,14,10,0
2012-01-01,14,11,0
2012-01-01,14,12,0
2012-01-01,14,13,0
2012-01-01,14,14,0
2012-01-01,14,15,0
2012-01-01,14,16,0
2012-01-01,14,17,0
2012-01-01,14,18,0
2012-01-01,14,19,0
2012-01-01,14,20,0
2012-01-01,14,21,0
2012-01-01,14,22,0
2012-01-01,14,23,0
2012-01-01,14,24,0
2012-01-01,14,25,0
2012-01-01,14,26,0
2012-01-01,14,27,0
2012-01-01,14,28,0
2012-01-01,14,29,0
2012-01-01,14,30,0
2012-01-01,14,31,0
2012-01-01,14,32,0
2012-01-01,14,33,0
2012-01-01,14,34,0
2012-01-01,14,35,0
2012-01-01,14,36,0
2012-01-01,14,37,0
2012-01-01,14,38,0
2012-01-01,14,39,0
2012-01-01,14,40,0
2012-01-01,14,41,0
2012-01-01,14,42,0
2012-01-01,14,43,0
2012-01-01,14,44,0
2012-01-01,14,45,0
2012-01-01,14,46,0
2012-01-01,14,47,0
2012-01-01,14,48,0
2012-01-01,14,49,0
2012-01-01,14,50,2
2012-01-01,14,51,0
2012-01-01,14,52,0
2012-01-01,14,53,0
2012-01-01,14,54,0
2012-01-01,14,55,0
2012-01-01,14,56,0
2012-01-01,14,57,0
2012-01-01,14,58,0
2012-01-01,14,59,0
2012-01-01,14,60,0
2012-01-01,14,61,0
2012-01-01,14,62,0
2012-01-01,14,63,0
2012-01-01,14,64,0
2012-01-01,14,65,0
2012-01-01,14,66,0
2012-01-01,14,67,0
2012-01-01,14,68,0
2012-01-01,14,69,0
2012-01-01,14,70,2
2012-01-01,14,71,0
2012-01-01,14,72,0
2012-01-01,14,73,0
2012-01-01,14,74,0
2012-01-01,14,75,0
2012-01-01,14,76,0
2012-01-01,14,77,0
2012-01-01,14,78,0
2012-01-01,14,79,0
2012-01-01,14,80,0
2012-01-01,14,81,0
2012-01-01,14,82,0
2012-01-01,14,83,0
2012-01-01,14,84,0
2012-01-01,14,85,0
2012-01-01,14,86,0
2012-01-01,14,87,0
2012-01-01,14,88,0
2012-01-01,14,89,0
2012-01-01,14,90,0
2012-01-01,14,91,0
2012-01-01,14,92,0
2012-01-01,14,93,0
2012-01-01,14,94,0
2012-01-01,14,95,0
2012-01-01,14,96,0
2012-01-01,14,97,0
2012-01-01,14,98,0
2012-01-01,14,99,0
2012-01-01,14,100,0
2012-01-01,14,101,0
2012-01-01,14,102,0
2012-01-01,14,103,0
2012-01-01,14,104,0
2012-01-01,14,105,0
2012-01-01,14,106,0
2012-01-01,14,107,0
2012-01-01,14,108,0
2012-01-01,14,109,0
2012-01-01,14,110,0
2012-01-01,14,111,0
2012-01-01,15,1,0
2012-01-01,15,2,0
2012-01-01,15,3,0
2012-01-01,15,4,0
2012-01-01,15,5,64
2012-01-01,15,6,0
2012-01-01,15,7,0
2012-01-01,15,8,0
2012-01-01,15,9,0
2012-01-01,15,10,0
2012-01-01,15,11,0
2012-01-01,15,12,0
2012-01-01,15,13,0
2012-01-01,15,14,0
2012-01-01,15,15,0
2012-01-01,15,16,0
2012-01-01,15,17,2
2012-01-01,15,18,0
2012-01-01,15,19,0
2012-01-01,15,20,0
2012-01-01,15,21,0
2012-01-01,15,22,0
2012-01-01,15,23,0
2012-01-01,15,24,0
2012-01-01,15,25,0
2012-01-01,15,26,0
2012-01-01,15,27,0
2012-01-01,15,28,0
2012-01-01,15,29,0
2012-01-01,15,30,0
2012-01-01,15,31,0
2012-01-01,15,32,0
2012-01-01,15,33,0
2012-01-01,15,34,0
2012-01-01,15,35,0
2012-01-01,15,36,0
2012-01-01,15,37,0
2012-01-01,15,38,0
2012-01-01,15,39,0
2012-01-01,15,40,0
2012-01-01,15,41,0
2012-01-01,15,42,0
2012-01-01,15,43,0
2012-01-01,15,44,0
2012-01-01,15,45,108
2012-01-01,15,46,0
2012-01-01,15,47,0
2012-01-01,15,48,0
2012-01-01,15,49,2
2012-01-01,15,50,0
2012-01-01,15,51,0
2012-01-01,15,52,0
2012-01-01,15,53,0
2012-01-01,15,54,0
2012-01-01,15,55,0
2012-01-01,15,56,0
2012-01-01,15,57,0
2012-01-01,15,58,0
2012-01-01,15,59,0
2012-01-01,15,60,0
2012-01-01,15,61,0
2012-01-01,15,62,0
2012-01-01,15,63,0
2012-01-01,15,64,0
2012-01-01,15,65,0
2012-01-01,15,66,0
2012-01-01,15,67,0
2012-01-01,15,68,0
2012-01-01,15,69,0
2012-01-01,15,70,0
2012-01-01,15,71,0
2012-01-01,15,72,0
2012-01-01,15,73,0
2012-01-01,15,74,0
2012-01-01,15,75,0
2012-01-01,15,76,0
2012-01-01,15,77,0
2012-01-01,15,78,0
2012-01-01,15,79,0
2012-01-01,15,80,0
2012-01-01,15,81,0
2012-01-01,15,82,0
2012-01-01,15,83,0
2012-01-01,15,84,0
2012-01-01,15,85,0
2012-01-01,15,86,0
2012-01-01,15,87,0
2012-01-01,15,88,0
2012-01-01,15,89,0
2012-01-01,15,90,0
2012-01-01,15,91,0
2012-01-01,15,92,0
2012-01-01,15,93,0
2012-01-01,15,94,0
2012-01-01,15,95,0
2012-01-01,15,96,0
2012-01-01,15,97,0
2012-01-01,15,98,0
2012-01-01,15,99,0
2012-01-01,15,100,0
2012-01-01,15,101,0
2012-01-01,15,102,0
2012-01-01,15,103,0
2012-01-01,15,104,0
2012-01-01,15,105,0
2012-01-01,15,106,0
2012-01-01,15,107,0
2012-01-01,15,108,0
2012-01-01,15,109,0
2012-01-01,15,110,0
2012-01-01,15,111,0
2012-01-01,16,1,0
2012-01-01,16,2,0
2012-01-01,16,3,0
2012-01-01,16,4,0
2012-01-01,16,5,0
2012-01-01,16,6,0
2012-01-01,16,7,0
2012-01-01,16,8,0
2012-01-01,16,9,0
2012-01-01,16,10,0
2012-01-01,16,11,0
2012-01-01,16,12,0
2012-01-01,16,13,0
2012-01-01,16,14,0
2012-01-01,16,15,0
2012-01-01,16,16,25
2012-01-01,16,17,0
2012-01-01,16,18,0
2012-01-01,16,19,0
2012-01-01,16,20,0
2012-01-01,16,21,0
2012-01-01,16,22,0
2012-01-01,16,23,0
2012-01-01,16,24,0
2012-01-01,16,25,187
2012-01-01,16,26,0
2012-01-01,16,27,0
2012-01-01,16,28,0
2012-01-01,16,29,0
2012-01-01,16,30,0
2012-01-01,16,31,0
2012-01-01,16,32,0
2012-01-01,16,33,0
2012-01-01,16,34,0
2012-01-01,16,35,0
2012-01-01,16,36,0
2012-01-01,16,37,0
2012-01-01,16,38,0
2012-01-01,16,39,0
2012-01-01,16,40,0
2012-01-01,16,41,0
2012-01-01,16,42,0
2012-01-01,16,43,0
2012-01-01,16,44,0
2012-01-01,16,45,0
2012-01-01,16,46,0
2012-01-01,16,47,0
2012-01-01,16,48,0
2012-01-01,16,49,0
2012-01-01,16,50,0
2012-01-01,16,51,0
2012-01-01,16,52,0
2012-01-01,16,53,0
2012-01-01,16,54,0
2012-01-01,16,55,0
2012-01-01,16,56,0
2012-01-01,16,57,0
2012-01-01,16,58,0
2012-01-01,16,59,0
2012-01-01,16,60,0
2012-01-01,16,61,0
2012-01-01,16,62,0
2012-01-01,16,63,0
2012-01-01,16,64,0
2012-01-01,16,65,0
2012-01-01,16,66,0
2012-01-01,16,67,0
2012-01-01,16,68,0
2012-01-01,16,69,0
2012-01-01,16,70,0
2012-01-01,16,71,0
2012-01-01,16,72,0
2012-01-01,16,73,0
2012-01-01,16,74,0
2012-01-01,16,75,0
2012-01-01,16,76,0
2012-01-01,16,77,0
2012-01-01,16,78,0
2012-01-01,16,79,0
2012-01-01,16,80,0
2012-01-01,16,81,0
2012-01-01,16,82,0
2012-01-01,16,83,0
2012-01-01,16,84,0
2012-01-01,16,85,0
2012-01-01,16,86,0
2012-01-01,16,87,0
2012-01-01,16,88,0
2012-01-01,16,89,0
2012-01-01,16,90,0
2012-01-01,16,91,0
2012-01-01,16,92,0
2012-01-01,16,93,0
2012-01-01,16,94,0
2012-01-01,16,95,0
2012-01-01,16,96,0
2012-01-01,16,97,0
2012-01-01,16,98,0
2012-01-01,16,99,0
2012-01-01,16,100,0
2012-01-01,16,101,0
2012-01-01,16,102,0
2012-01-01,16,103,0
2012-01-01,16,104,0
2012-01-01,16,105,0
2012-01-01,16,106,0
2012-01-01,16,107,0
2012-01-01,16,108,0
2012-01-01,16,109,0
2012-01-01,16,110,0
2012-01-01,16,111,0
2012-01-01,17,1,0
2012-01-01,17,2,0
2012-01-01,17,3,0
2012-01-01,17,4,0
2012-01-01,17,5,0
2012-01-01,17,6,0
2012-01-01,17,7,0
2012-01-01,17,8,0
2012-01-01,17,9,179
2012-01-01,17,10,0
2012-01-01,17,11,0
2012-01-01,17,12,0
2012-01-01,17,13,0
2012-01-01,17,14,0
2012-01-01,17,15,0
2012-01-01,17,16,0
2012-01-01,17,17,0
2012-01-01,17,18,0
2012-01-01,17,19,0
2012-01-01,17,20,0
2012-01-01,17,21,0
2012-01-01,17,22,0
2012-01-01,17,23,0
2012-01-01,17,24,0
2012-01-01,17,25,0
2012-01-01,17,26,0
2012-01-01,17,27,0
2012-01-01,17,28,0
2012-01-01,17,29,0
2012-01-01,17,30,0
2012-01-01,17,31,0
2012-01-01,17,32,0
2012-01-01,17,33,0
2012-01-01,17,34,0
2012-01-01,17,35,0
2012-01-01,17,36,0
2012-01-01,17,37,85
2012-01-01,17,38,0
2012-01-01,17,39,0
2012-01-01,17,40,0
2012-01-01,17,41,0
2012-01-01,17,42,0
2012-01-01,17,43,0
2012-01-01,17,44,0
2012-01-01,17,45,0
2012-01-01,17,46,0
2012-01-01,17,47,0
2012-01-01,17,48,147
2012-01-01,17,49,0
2012-01-01,17,50,0
2012-01-01,17,51,0
2012-01-01,17,52,0
2012-01-01,17,53,0
2012-01-01,17,54,0
2012-01-01,17,55,0
2012-01-01,17,56,0
2012-01-01,17,57,0
2012-01-01,17,58,0
2012-01-01,17,59,0
2012-01-01,17,60,0
2012-01-01,17,61,0
2012-01-01,17,62,0
2012-01-01,17,63,0
2012-01-01,17,64,0
2012-01-01,17,65,0
2012-01-01,17,66,0
2012-01-01,17,67,0
2012-01-01,17,68,0
2012-01-01,17,69,0
2012-01-01,17,70,0
2012-01-01,17,71,0
2012-01-01,17,72,0
2012-01-01,17,73,0
2012-01-01,17,74,0
2012-01-01,17,75,0
2012-01-01,17,76,0
2012-01-01,17,77,0
2012-01-01,17,78,0
2012-01-01,17,79,0
2012-01-01,17,80,0
2012-01-01,17,81,0
2012-01-01,17,82,0
2012-01-01,17,83,0
2012-01-01,17,84,0
2012-01-01,17,85,0
2012-01-01,17,86,0
2012-01-01,17,87,0
2012-01-01,17,88,0
2012-01-01,17,89,0
2012-01-01,17,90,0
2012-01-01,17,91,0
2012-01-01,17,92,0
2012-01-01,17,93,0
2012-01-01,17,94,0
2012-01-01,17,95,0
2012-01-01,17,96,0
2012-01-01,17,97,0
2012-01-01,17,98,0
2012-01-01,17,99,0
2012-01-01,17,100,0
2012-01-01,17,101,0
2012-01-01,17,102,0
2012-01-01,17,103,0
2012-01-01,17,104,0
2012-01-01,17,105,0
2012-01-01,17,106,0
2012-01-01,17,107,0
2012-01-01,17,108,0
2012-01-01,17,109,0
2012-01-01,17,110,0
2012-01-01,17,111,0
2012-01-01,18,1,0
2012-01-01,18,2,0
2012-01-01,18,3,0
2012-01-01,18,4,0
2012-01-01,18,5,18
2012-01-01,18,6,0
2012-01-01,18,7,0
2012-01-01,18,8,0
2012-01-01,18,9,0
2012-01-01,18,10,0
2012-01-01,18,11,0
2012-01-01,18,12,0
2012-01-01,18,13,0
2012-01-01,18,14,0
2012-01-01,18,15,0
2012-01-01,18,16,0
2012-01-01,18,17,0
2012-01-01,18,18,0
2012-01-01,18,19,0
2012-01-01,18,20,0
2012-01-01,18,21,0
2012-01-01,18,22,0
2012-01-01,18,23,0
2012-01-01,18,24,0
2012-01-01,18,25,0
2012-01-01,18,26,0
2012-01-01,18,27,0
2012-01-01,18,28,0
2012-01-01,18,29,0
2012-01-01,18,30,0
2012-01-01,18,31,0
2012-01-01,18,32,0
2012-01-01,18,33,0
2012-01-01,18,34,0
2012-01-01,18,35,0
2012-01-01,18,36,0
2012-01-01,18,37,17
2012-01-01,18,38,0
2012-01-01,18,39,0
2012-01-01,18,40,0
2012-01-01,18,41,0
2012-01-01,18,42,0
2012-01-01,18,43,0
2012-01-01,18,44,0
2012-01-01,18,45,0
2012-01-01,18,46,0
2012-01-01,18,47,0
2012-01-01,18,48,0
2012-01-01,18,49,0
2012-01-01,18,50,0
2012-01-01,18,51,0
2012-01-01,18,52,0
2012-01-01,18,53,0
2012-01-01,18,54,0
2012-01-01,18,55,0
2012-01-01,18,56,0
2012-01-01,18,57,0
2012-01-01,18,58,0
2012-01-01,18,59,0
2012-01-01,18,60,0
2012-01-01,18,61,0
2012-01-01,18,62,0
2012-01-01,18,63,0
2012-01-01,18,64,0
2012-01-01,18,65,0
2012-01-01,18,66,0
2012-01-01,18,67,0
2012-01-01,18,68,0
2012-01-01,18,69,0
2012-01-01,18,70,0
2012-01-01,18,71,0
2012-01-01,18,72,0
2012-01-01,18,73,0
2012-01-01,18,74,0
2012-01-01,18,75,0
2012-01-01,18,76,0
2012-01-01,18,77,0
2012-01-01,18,78,0
2012-01-01,18,79,0
2012-01-01,18,80,0
2012-01-01,18,81,0
2012-01-01,18,82,0
2012-01-01,18,83,0
2012-01-01,18,84,0
2012-01-01,18,85,0
2012-01-01,18,86,0
2012-01-01,18,87,0
2012-01-01,18,88,0
2012-01-01,18,89,0
2012-01-01,18,90,0
2012-01-01,18,91,0
2012-01-01,18,92,0
2012-01-01,18,93,0
2012-01-01,18,94,0
2012-01-01,18,95,0
2012-01-01,18,96,0
2012-01-01,18,97,0
2012-01-01,18,98,0
2012-01-01,18,99,0
2012-01-01,18,100,0
2012-01-01,18,101,0
2012-01-01,18,102,0
2012-01-01,18,103,0
2012-01-01,18,104,0
2012-01-01,18,105,0
2012-01-01,18,106,0
2012-01-01,18,107,0
2012-01-01,18,108,0
2012-01-01,18,109,0
2012-01-01,18,110,0
2012-01-01,18,111,0
2012-01-01,19,1,0
2012-01-01,19,2,0
2012-01-01,19,3,0
2012-01-01,19,4,0
2012-01-01,19,5,0
2012-01-01,19,6,0
2012-01-01,19,7,0
2012-01-01,19,8,0
2012-01-01,19,9,0
2012-01-01,19,10,0
2012-01-01,19,11,0
2012-01-01,19,12,0
2012-01-01,19,13,0
2012-01-01,19,14,0
2012-01-01,19,15,0
2012-01-01,19,16,21
2012-01-01,19,17,0
2012-01-01,19,18,0
2012-01-01,19,19,0
2012-01-01,19,20,0
2012-01-01,19,21,0
2012-01-01,19,22,0
2012-01-01,19,23,0
2012-01-01,19,24,0
2012-01-01,19,25,0
2012-01-01,19,26,0
2012-01-01,19,27,0
2012-01-01,19,28,0
2012-01-01,19,29,0
2012-01-01,19,30,0
2012-01-01,19,31,0
2012-01-01,19,32,0
2012-01-01,19,33,0
2012-01-01,19,34,0
2012-01-01,19,35,0
2012-01-01,19,36,0
2012-01-01,19,37,0
2012-01-01,19,38,0
2012-01-01,19,39,0
2012-01-01,19,40,0
2012-01-01,19,41,0
2012-01-01,19,42,0
2012-01-01,19,43,0
2012-01-01,19,44,0
2012-01-01,19,45,0
2012-01-01,19,46,0
2012-01-01,19,47,0
2012-01-01,19,48,0
2012-01-01,19,49,0
2012-01-01,19,50,0
2012-01-01,19,51,0
2012-01-01,19,52,0
2012-01-01,19,53,0
2012-01-01,19,54,0
2012-01-01,19,55,0
2012-01-01,19,56,0
2012-01-01,19,57,0
2012-01-01,19,58,0
2012-01-01,19,59,0
2012-01-01,19,60,0
2012-01-01,19,61,0
2012-01-01,19,62,0
2012-01-01,19,63,0
2012-01-01,19,64,0
2012-01-01,19,65,0
2012-01-01,19,66,0
2012-01-01,19,67,0
2012-01-01,19,68,0
2012-01-01,19,69,0
2012-01-01,19,70,0
2012-01-01,19,71,0
2012-01-01,19,72,0
2012-01-01,19,73,0
2012-01-01,19,74,0
2012-01-01,19,75,0
2012-01-01,19,76,0
2012-01-01,19,77,0
2012-01-01,19,78,0
2012-01-01,19,79,0
2012-01-01,19,80,0
2012-01-01,19,81,0
2012-01-01,19,82,0
2012-01-01,19,83,10
2012-01-01,19,84,0
2012-01-01,19,85,0
2012-01-01,19,86,0
2012-01-01,19,87,0
2012-01-01,19,88,0
2012-01-01,19,89,0
2012-01-01,19,90,0
2012-01-01,19,91,0
2012-01-01,19,92,0
2012-01-01,19,93,0
2012-01-01,19,94,0
2012-01-01,19,95,0
2012-01-01,19,96,0
2012-01-01,19,97,0
2012-01-01,19,98,0
2012-01-01,19,99,0
2012-01-01,19,100,0
2012-01-01,19,101,0
2012-01-01,19,102,0
2012-01-01,19,103,0
2012-01-01,19,104,0
2012-01-01,19,105,0
2012-01-01,19,106,0
2012-01-01,19,107,0
2012-01-01,19,108,0
2012-01-01,19,109,0
2012-01-01,19,110,0
2012-01-01,19,111,0
2012-01-01,20,1,0
2012-01-01,20,2,0
2012-01-01,20,3,0
2012-01-01,20,4,0
2012-01-01,20,5,165
2012-01-01,20,6,0
2012-01-01,20,7,0
2012-01-01,20,8,0
2012-01-01,20,9,0
2012-01-01,20,10,0
2012-01-01,20,11,0
2012-01-01,20,12,0
2012-01-01,20,13,0
2012-01-01,20,14,0
2012-01-01,20,15,0
2012-01-01,20,16,0
2012-01-01,20,17,0
2012-01-01,20,18,0
2012-01-01,20,19,0
2012-01-01,20,20,0
2012-01-01,20,21,0
2012-01-01,20,22,0
2012-01-01,20,23,0
2012-01-01,20,24,0
2012-01-01,20,25,0
2012-01-01,20,26,0
2012-01-01,20,27,0
2012-01-01,20,28,0
2012-01-01,20,29,0
2012-01-01,20,30,0
2012-01-01,20,31,0
2012-01-01,20,32,0
2012-01-01,20,33,0
2012-01-01,20,34,0
2012-01-01,20,35,0
2012-01-01,20,36,0
2012-01-01,20,37,0
2012-01-01,20,38,0
2012-01-01,20,39,0
2012-01-01,20,40,0
2012-01-01,20,41,37
2012-01-01,20,42,0
2012-01-01,20,43,0
2012-01-01,20,44,0
2012-01-01,20,45,0
2012-01-01,20,46,0
2012-01-01,20,47,0
2012-01-01,20,48,0
2012-01-01,20,49,0
2012-01-01,20,50,0
2012-01-01,20,51,0
2012-01-01,20,52,0
2012-01-01,20,53,0
2012-01-01,20,54,0
2012-01-01,20,55,0
2012-01-01,20,56,0
2012-01-01,20,57,0
2012-01-01,20,58,0
2012-01-01,20,59,0
2012-01-01,20,60,0
2012-01-01,20,61,0
2012-01-01,20,62,0
2012-01-01,20,63,0
2012-01-01,20,64,0
2012-01-01,20,65,0
2012-01-01,20,66,0
2012-01-01,20,67,0
2012-01-01,20,68,0
2012-01-01,20,69,0
2012-01-01,20,70,0
2012-01-01,20,71,0
2012-01-01,20,72,0
2012-01-01,20,73,0
2012-01-01,20,74,5
2012-01-01,20,75,0
2012-01-01,20,76,0
2012-01-01,20,77,0
2012-01-01,20,78,0
2012-01-01,20,79,0
2012-01-01,20,80,0
2012-01-01,20,81,0
2012-01-01,20,82,0
2012-01-01,20,83,0
2012-01-01,20,84,0
2012-01-01,20,85,0
2012-01-01,20,86,0
2012-01-01,20,87,0
2012-01-01,20,88,0
2012-01-01,20,89,0
2012-01-01,20,90,0
2012-01-01,20,91,0
2012-01-01,20,92,0
2012-01-01,20,93,0
2012-01-01,20,94,0
2012-01-01,20,95,0
2012-01-01,20,96,0
2012-01-01,20,97,0
2012-01-01,20,98,0
2012-01-01,20,99,0
2012-01-01,20,100,0
2012-01-01,20,101,0
2012-01-01,20,102,0
2012-01-01,20,103,0
2012-01-01,20,104,0
2012-01-01,20,105,0
2012-01-01,20,106,0
2012-01-01,20,107,0
2012-01-01,20,108,0
2012-01-01,20,109,0
2012-01-01,20,110,0
2012-01-01,20,111,0
2012-01-01,21,1,0
2012-01-01,21,2,0
2012-01-01,21,3,0
2012-01-01,21,4,0
2012-01-01,21,5,58
2012-01-01,21,6,0
2012-01-01,21,7,0
2012-01-01,21,8,0
2012-01-01,21,9,0
2012-01-01,21,10,0
2012-01-01,21,11,0
2012-01-01,21,12,0
2012-01-01,21,13,0
2012-01-01,21,14,0
2012-01-01,21,15,0
2012-01-01,21,16,0
2012-01-01,21,17,0
2012-01-01,21,18,0
2012-01-01,21,19,0
2012-01-01,21,20,0
2012-01-01,21,21,0
2012-01-01,21,22,0
2012-01-01,21,23,0
2012-01-01,21,24,0
2012-01-01,21,25,0
2012-01-01,21,26,0
2012-01-01,21,27,0
2012-01-01,21,28,0
2012-01-01,21,29,0
2012-01-01,21,30,0
2012-01-01,21,31,0
2012-01-01,21,32,0
2012-01-01,21,33,0
2012-01-01,21,34,0
2012-01-01,21,35,0
2012-01-01,21,36,0
2012-01-01,21,37,0
2012-01-01,21,38,0
2012-01-01,21,39,0
2012-01-01,21,40,0
2012-01-01,21,41,0
2012-01-01,21,42,0
2012-01-01,21,43,0
2012-01-01,21,44,129
2012-01-01,21,45,0
2012-01-01,21,46,0
2012-01-01,21,47,0
2012-01-01,21,48,0
2012-01-01,21,49,0
2012-01-01,21,50,0
2012-01-01,21,51,0
2012-01-01,21,52,0
2012-01-01,21,53,0
2012-01-01,21,54,0
2012-01-01,21,55,0
2012-01-01,21,56,0
2012-01-01,21,57,0
2012-01-01,21,58,0
2012-01-01,21,59,0
2012-01-01,21,60,0
2012-01-01,21,61,0
2012-01-01,21,62,0
2012-01-01,21,63,0
2012-01-01,21,64,0
2012-01-01,21,65,0
2012-01-01,21,66,0
2012-01-01,21,67,0
2012-01-01,21,68,0
2012-01-01,21,69,0
2012-01-01,21,70,0
2012-01-01,21,71,0
2012-01-01,21,72,0
2012-01-01,21,73,0
2012-01-01,21,74,0
2012-01-01,21,75,0
2012-01-01,21,76,0
2012-01-01,21,77,0
2012-01-01,21,78,0
2012-01-01,21,79,0
2012-01-01,21,80,0
2012-01-01,21,81,0
2012-01-01,21,82,0
2012-01-01,21,83,0
2012-01-01,21,84,0
2012-01-01,21,85,0
2012-01-01,21,86,0
2012-01-01,21,87,0
2012-01-01,21,88,0
2012-01-01,21,89,0
2012-01-01,21,90,0
2012-01-01,21,91,0
2012-01-01,21,92,0
2012-01-01,21,93,0
2012-01-01,21,94,0
2012-01-01,21,95,0
2012-01-01,21,96,0
2012-01-01,21,97,0
2012-01-01,21,98,0
2012-01-01,21,99,0
2012-01-01,21,100,0
2012-01-01,21,101,0
2012-01-01,21,102,0
2012-01-01,21,103,0
2012-01-01,21,104,0
2012-01-01,21,105,0
2012-01-01,21,106,0
2012-01-01,21,107,0
2012-01-01,21,108,0
2012-01-01,21,109,0
2012-01-01,21,110,0
2012-01-01,21,111,0
2012-01-01,22,1,0
2012-01-01,22,2,0
2012-01-01,22,3,0
2012-01-01,22,4,0
2012-01-01,22,5,0
2012-01-01,22,6,0
2012-01-01,22,7,0
2012-01-01,22,8,0
2012-01-01,22,9,37
2012-01-01,22,10,0
2012-01-01,22,11,0
2012-01-01,22,12,0
2012-01-01,22,13,0
2012-01-01,22,14,0
2012-01-01,22,15,0
2012-01-01,22,16,0
2012-01-01,22,17,0
2012-01-01,22,18,0
2012-01-01,22,19,0
2012-01-01,22,20,0
2012-01-01,22,21,0
2012-01-01,22,22,0
2012-01-01,22,23,0
2012-01-01,22,24,0
2012-01-01,22,25,0
2012-01-01,22,26,0
2012-01-01,22,27,0
2012-01-01,22,28,0
2012-01-01,22,29,0
2012-01-01,22,30,0
2012-01-01,22,31,0
2012-01-01,22,32,0
2012-01-01,22,33,0
2012-01-01,22,34,0
2012-01-01,22,35,0
2012-01-01,22,36,0
2012-01-01,22,37,0
2012-01-01,22,38,0
2012-01-01,22,39,0
2012-01-01,22,40,0
2012-01-01,22,41,0
2012-01-01,22,42,0
2012-01-01,22,43,0
2012-01-01,22,44,0
2012-01-01,22,45,0
2012-01-01,22,46,0
2012-01-01,22,47,0
2012-01-01,22,48,0
2012-01-01,22,49,0
2012-01-01,22,50,0
2012-01-01,22,51,0
2012-01-01,22,52,0
2012-01-01,22,53,0
2012-01-01,22,54,0
2012-01-01,22,55,0
2012-01-01,22,56,0
2012-01-01,22,57,0
2012-01-01,22,58,0
2012-01-01,22,59,0
2012-01-01,22,60,0
2012-01-01,22,61,0
2012-01-01,22,62,0
2012-01-01,22,63,0
2012-01-01,22,64,0
2012-01-01,22,65,0
2012-01-01,22,66,0
2012-01-01,22,67,0
2012-01-01,22,68,47
2012-01-01,22,69,0
2012-01-01,22,70,0
2012-01-01,22,71,0
2012-01-01,22,72,0
2012-01-01,22,73,0
2012-01-01,22,74,0
2012-01-01,22,75,0
2012-01-01,22,76,0
2012-01-01,22,77,0
2012-01-01,22,78,0
2012-01-01,22,79,0
2012-01-01,22,80,0
2012-01-01,22,81,0
2012-01-01,22,82,0
2012-01-01,22,83,0
2012-01-01,22,84,0
2012-01-01,22,85,0
2012-01-01,22,86,0
2012-01-01,22,87,0
2012-01-01,22,88,0
2012-01-01,22,89,0
2012-01-01,22,90,0
2012-01-01,22,91,0
2012-01-01,22,92,0
2012-01-01,22,93,3
2012-01-01,22,94,0
2012-01-01,22,95,0
2012-01-01,22,96,0
2012-01-01,22,97,0
2012-01-01,22,98,0
2012-01-01,22,99,0
2012-01-01,22,100,0
2012-01-01,22,101,0
2012-01-01,22,102,0
2012-01-01,22,103,0
2012-01-01,22,104,0
2012-01-01,22,105,0
2012-01-01,22,106,0
2012-01-01,22,107,0
2012-01-01,22,108,0
2012-01-01,22,109,0
2012-01-01,22,110,0
2012-01-01,22,111,0
2012-01-01,23,1,0
2012-01-01,23,2,0
2012-01-01,23,3,0
2012-01-01,23,4,0
2012-01-01,23,5,58
2012-01-01,23,6,0
2012-01-01,23,7,0
2012-01-01,23,8,0
2012-01-01,23,9,0
2012-01-01,23,10,0
2012-01-01,23,11,0
2012-01-01,23,12,0
2012-01-01,23,13,0
2012-01-01,23,14,0
2012-01-01,23,15,0
2012-01-01,23,16,0
2012-01-01,23,17,0
2012-01-01,23,18,0
2012-01-01,23,19,0
2012-01-01,23,20,0
2012-01-01,23,21,0
2012-01-01,23,22,0
2012-01-01,23,23,0
2012-01-01,23,24,0
2012-01-01,23,25,0
2012-01-01,23,26,0
2012-01-01,23,27,0
2012-01-01,23,28,0
2012-01-01,23,29,1
2012-01-01,23,30,0
2012-01-01,23,31,0
2012-01-01,23,32,0
2012-01-01,23,33,0
2012-01-01,23,34,0
2012-01-01,23,35,0
2012-01-01,23,36,0
2012-01-01,23,37,0
2012-01-01,23,38,0
2012-01-01,23,39,0
2012-01-01,23,40,0
2012-01-01,23,41,0
2012-01-01,23,42,0
2012-01-01,23,43,0
2012-01-01,23,44,0
2012-01-01,23,45,35
2012-01-01,23,46,0
2012-01-01,23,47,0
2012-01-01,23,48,0
2012-01-01,23,49,0
2012-01-01,23,50,0
2012-01-01,23,51,0
2012-01-01,23,52,0
2012-01-01,23,53,0
2012-01-01,23,54,0
2012-01-01,23,55,0
2012-01-01,23,56,0
2012-01-01,23,57,0
2012-01-01,23,58,0
2012-01-01,23,59,0
2012-01-01,23,60,0
2012-01-01,23,61,0
2012-01-01,23,62,0
2012-01-01,23,63,0
2012-01-01,23,64,0
2012-01-01,23,65,0
2012-01-01,23,66,0
2012-01-01,23,67,0
2012-01-01,23,68,0
2012-01-01,23,69,0
2012-01-01,23,70,0
2012-01-01,23,71,0
2012-01-01,23,72,0
2012-01-01,23,73,0
2012-01-01,23,74,0
2012-01-01,23,75,0
2012-01-01,23,76,0
2012-01-01,23,77,0
2012-01-01,23,78,0
2012-01-01,23,79,0
2012-01-01,23,80,0
2012-01-01,23,81,0
2012-01-01,23,82,0
2012-01-01,23,83,0
2012-01-01,23,84,0
2012-01-01,23,85,0
2012-01-01,23,86,0
2012-01-01,23,87,0
2012-01-01,23,88,0
2012-01-01,23,89,0
2012-01-01,23,90,0
2012-01-01,23,91,0
2012-01-01,23,92,0
2012-01-01,23,93,0
2012-01-01,23,94,0
2012-01-01,23,95,0
2012-01-01,23,96,0
2012-01-01,23,97,0
2012-01-01,23,98,0
2012-01-01,23,99,0
2012-01-01,23,100,0
2012-01-01,23,101,0
2012-01-01,23,102,0
2012-01-01,23,103,0
2012-01-01,23,104,0
2012-01-01,23,105,0
2012-01-01,23,106,0
2012-01-01,23,107,0
2012-01-01,23,108,0
2012-01-01,23,109,0
2012-01-01,23,110,0
2012-01-01,23,111,0
2012-01-01,24,1,0
2012-01-01,24,2,0
2012-01-01,24,3,0
2012-01-01,24,4,0
2012-01-01,24,5,0
2012-01-01,24,6,42
2012-01-01,24,7,0
2012-01-01,24,8,0
2012-01-01,24,9,0
2012-01-01,24,10,0
2012-01-01,24,11,0
2012-01-01,24,12,0
2012-01-01,24,13,0
2012-01-01,24,14,0
2012-01-01,24,15,0
2012-01-01,24,16,0
2012-01-01,24,17,0
2012-01-01,24,18,0
2012-01-01,24,19,0
2012-01-01,24,20,0
2012-01-01,24,21,0
2012-01-01,24,22,0
2012-01-01,24,23,0
2012-01-01,24,24,0
2012-01-01,24,25,0
2012-01-01,24,26,0
2012-01-01,24,27,0
2012-01-01,24,28,0
2012-01-01,24,29,0
2012-01-01,24,30,0
2012-01-01,24,31,0
2012-01-01,24,32,0
2012-01-01,24,33,0
2012-01-01,24,34,0
2012-01-01,24,35,0
2012-01-01,24,36,0
2012-01-01,24,37,0
2012-01-01,24,38,0
2012-01-01,24,39,0
2012-01-01,24,40,0
2012-01-01,24,41,0
2012-01-01,24,42,0
2012-01-01,24,43,72
2012-01-01,24,44,0
2012-01-01,24,45,0
2012-01-01,24,46,0
2012-01-01,24,47,0
2012-01-01,24,48,0
2012-01-01,24,49,0
2012-01-01,24,50,0
2012-01-01,24,51,0
2012-01-01,24,52,0
2012-01-01,24,53,0
2012-01-01,24,54,0
2012-01-01,24,55,0
2012-01-01,24,56,0
2012-01-01,24,57,0
2012-01-01,24,58,0
2012-01-01,24,59,0
2012-01-01,24,60,1
2012-01-01,24,61,0
2012-01-01,24,62,0
2012-01-01,24,63,0
2012-01-01,24,64,0
2012-01-01,24,65,0
2012-01-01,24,66,0
2012-01-01,24,67,0
2012-01-01,24,68,0
2012-01-01,24,69,0
2012-01-01,24,70,0
2012-01-01,24,71,0
2012-01-01,24,72,0
2012-01-01,24,73,0
2012-01-01,24,74,0
2012-01-01,24,75,0
2012-01-01,24,76,0
2012-01-01,24,77,0
2012-01-01,24,78,0
2012-01-01,24,79,0
2012-01-01,24,80,0
2012-01-01,24,81,0
2012-01-01,24,82,0
2012-01-01,24,83,0
2012-01-01,24,84,0
2012-01-01,24,85,0
2012-01-01,24,86,0
2012-01-01,24,87,0
2012-01-01,24,88,0
2012-01-01,24,89,0
2012-01-01,24,90,0
2012-01-01,24,91,0
2012-01-01,24,92,0
2012-01-01,24,93,0
2012-01-01,24,94,0
2012-01-01,24,95,0
2012-01-01,24,96,0
2012-01-01,24,97,0
2012-01-01,24,98,0
2012-01-01,24,99,0
2012-01-01,24,100,0
2012-01-01,24,101,0
2012-01-01,24,102,0
2012-01-01,24,103,0
2012-01-01,24,104,0
2012-01-01,24,105,0
2012-01-01,24,106,0
2012-01-01,24,107,0
2012-01-01,24,108,0
2012-01-01,24,109,0
2012-01-01,24,110,0
2012-01-01,24,111,0
2012-01-01,25,1,0
2012-01-01,25,2,0
2012-01-01,25,3,0
2012-01-01,25,4,0
2012-01-01,25,5,0
2012-01-01,25,6,0
2012-01-01,25,7,0
2012-01-01,25,8,0
2012-01-01,25,9,126
2012-01-01,25,10,0
2012-01-01,25,11,0
2012-01-01,25,12,0
2012-01-01,25,13,0
2012-01-01,25,14,0
2012-01-01,25,15,0
2012-01-01,25,16,0
2012-01-01,25,17,0
2012-01-01,25,18,0
2012-01-01,25,19,0
2012-01-01,25,20,0
2012-01-01,25,21,0
2012-01-01,25,22,0
2012-01-01,25,23,0
2012-01-01,25,24,0
2012-01-01,25,25,0
2012-01-01,25,26,0
2012-01-01,25,27,0
2012-01-01,25,28,0
2012-01-01,25,29,0
2012-01-01,25,30,0
2012-01-01,25,31,0
2012-01-01,25,32,0
2012-01-01,25,33,0
2012-01-01,25,34,0
2012-01-01,25,35,0
2012-01-01,25,36,0
2012-01-01,25,37,0
2012-01-01,25,38,0
2012-01-01,25,39,0
2012-01-01,25,40,0
2012-01-01,25,41,0
2012-01-01,25,42,0
2012-01-01,25,43,0
2012-01-01,25,44,0
2012-01-01,25,45,90
2012-01-01,25,46,0
2012-01-01,25,47,0
2012-01-01,25,48,0
2012-01-01,25,49,0
2012-01-01,25,50,0
2012-01-01,25,51,0
2012-01-01,25,52,0
2012-01-01,25,53,0
2012-01-01,25,54,0
2012-01-01,25,55,0
2012-01-01,25,56,0
2012-01-01,25,57,0
2012-01-01,25,58,0
2012-01-01,25,59,0
2012-01-01,25,60,0
2012-01-01,25,61,0
2012-01-01,25,62,0
2012-01-01,25,63,0
2012-01-01,25,64,0
2012-01-01,25,65,0
2012-01-01,25,66,0
2012-01-01,25,67,0
2012-01-01,25,68,0
2012-01-01,25,69,0
2012-01-01,25,70,0
2012-01-01,25,71,0
2012-01-01,25,72,0
2012-01-01,25,73,0
2012-01-01,25,74,0
2012-01-01,25,75,0
2012-01-01,25,76,0
2012-01-01,25,77,0
2012-01-01,25,78,0
2012-01-01,25,79,0
2012-01-01,25,80,0
2012-01-01,25,81,11
2012-01-01,25,82,0
2012-01-01,25,83,0
2012-01-01,25,84,0
2012-01-01,25,85,0
2012-01-01,25,86,0
2012-01-01,25,87,0
2012-01-01,25,88,0
2012-01-01,25,89,0
2012-01-01,25,90,0
2012-01-01,25,91,0
2012-01-01,25,92,0
2012-01-01,25,93,0
2012-01-01,25,94,0
2012-01-01,25,95,0
2012-01-01,25,96,0
2012-01-01,25,97,0
2012-01-01,25,98,0
2012-01-01,25,99,0
2012-01-01,25,100,0
2012-01-01,25,101,0
2012-01-01,25,102,0
2012-01-01,25,103,0
2012-01-01,25,104,0
2012-01-01,25,105,0
2012-01-01,25,106,0
2012-01-01,25,107,0
2012-01-01,25,108,0
2012-01-01,25,109,0
2012-01-01,25,110,0
2012-01-01,25,111,0
2012-01-01,26,1,0
2012-01-01,26,2,0
2012-01-01,26,3,0
2012-01-01,26,4,0
2012-01-01,26,5,64
2012-01-01,26,6,0
2012-01-01,26,7,0
2012-01-01,26,8,0
2012-01-01,26,9,0
2012-01-01,26,10,0
2012-01-01,26,11,0
2012-01-01,26,12,0
2012-01-01,26,13,0
2012-01-01,26,14,0
2012-01-01,26,15,0
2012-01-01,26,16,0
2012-01-01,26,17,0
2012-01-01,26,18,0
2012-01-01,26,19,0
2012-01-01,26,20,0
2012-01-01,26,21,0
2012-01-01,26,22,0
2012-01-01,26,23,0
2012-01-01,26,24,0
2012-01-01,26,25,0
2012-01-01,26,26,0
2012-01-01,26,27,0
2012-01-01,26,28,0
2012-01-01,26,29,0
2012-01-01,26,30,0
2012-01-01,26,31,0
2012-01-01,26,32,0
2012-01-01,26,33,0
2012-01-01,26,34,0
2012-01-01,26,35,0
2012-01-01,26,36,0
2012-01-01,26,37,0
2012-01-01,26,38,0
2012-01-01,26,39,0
2012-01-01,26,40,0
2012-01-01,26,41,0
2012-01-01,26,42,0
2012-01-01,26,43,0
2012-01-01,26,44,0
2012-01-01,26,45,68
2012-01-01,26,46,0
2012-01-01,26,47,0
2012-01-01,26,48,0
2012-01-01,26,49,0
2012-01-01,26,50,0
2012-01-01,26,51,0
2012-01-01,26,52,0
2012-01-01,26,53,0
2012-01-01,26,54,0
2012-01-01,26,55,0
2012-01-01,26,56,0
2012-01-01,26,57,0
2012-01-01,26,58,0
2012-01-01,26,59,0
2012-01-01,26,60,0
2012-01-01,26,61,0
2012-01-01,26,62,0
2012-01-01,26,63,0
2012-01-01,26,64,0
2012-01-01,26,65,0
2012-01-01,26,66,0
2012-01-01,26,67,0
2012-01-01,26,68,0
2012-01-01,26,69,0
2012-01-01,26,70,0
2012-01-01,26,71,0
2012-01-01,26,72,0
2012-01-01,26,73,0
2012-01-01,26,74,0
2012-01-01,26,75,0
2012-01-01,26,76,0
2012-01-01,26,77,0
2012-01-01,26,78,0
2012-01-01,26,79,0
2012-01-01,26,80,0
2012-01-01,26,81,0
2012-01-01,26,82,0
2012-01-01,26,83,0
2012-01-01,26,84,0
2012-01-01,26,85,0
2012-01-01,26,86,0
2012-01-01,26,87,0
2012-01-01,26,88,0
2012-01-01,26,89,0
2012-01-01,26,90,0
2012-01-01,26,91,0
2012-01-01,26,92,0
2012-01-01,26,93,0
2012-01-01,26,94,0
2012-01-01,26,95,0
2012-01-01,26,96,0
2012-01-01,26,97,0
2012-01-01,26,98,0
2012-01-01,26,99,0
2012-01-01,26,100,0
2012-01-01,26,101,0
2012-01-01,26,102,0
2012-01-01,26,103,0
2012-01-01,26,104,0
2012-01-01,26,105,0
2012-01-01,26,106,0
2012-01-01,26,107,0
2012-01-01,26,108,0
2012-01-01,26,109,0
2012-01-01,26,110,0
2012-01-01,26,111,0
2012-01-01,27,1,0
2012-01-01,27,2,0
2012-01-01,27,3,0
2012-01-01,27,4,0
2012-01-01,27,5,0
2012-01-01,27,6,0
2012-01-01,27,7,0
2012-01-01,27,8,0
2012-01-01,27,9,26
2012-01-01,27,10,0
2012-01-01,27,11,0
2012-01-01,27,12,0
2012-01-01,27,13,0
2012-01-01,27,14,0
2012-01-01,27,15,0
2012-01-01,27,16,0
2012-01-01,27,17,0
2012-01-01,27,18,0
2012-01-01,27,19,0
2012-01-01,27,20,0
2012-01-01,27,21,0
2012-01-01,27,22,0
2012-01-01,27,23,0
2012-01-01,27,24,0
2012-01-01,27,25,0
2012-01-01,27,26,0
2012-01-01,27,27,0
2012-01-01,27,28,0
2012-01-01,27,29,0
2012-01-01,27,30,0
2012-01-01,27,31,0
2012-01-01,27,32,0
2012-01-01,27,33,0
2012-01-01,27,34,0
2012-01-01,27,35,0
2012-01-01,27,36,0
2012-01-01,27,37,0
2012-01-01,27,38,0
2012-01-01,27,39,0
2012-01-01,27,40,0
2012-01-01,27,41,0
2012-01-01,27,42,0
2012-01-01,27,43,0
2012-01-01,27,44,0
2012-01-01,27,45,0
2012-01-01,27,46,0
2012-01-01,27,47,0
2012-01-01,27,48,0
2012-01-01,27,49,0
2012-01-01,27,50,0
2012-01-01,27,51,0
2012-01-01,27,52,0
2012-01-01,27,53,0
2012-01-01,27,54,0
2012-01-01,27,55,0
2012-01-01,27,56,0
2012-01-01,27,57,0
2012-01-01,27,58,0
2012-01-01,27,59,0
2012-01-01,27,60,0
2012-01-01,27,61,0
2012-01-01,27,62,0
2012-01-01,27,63,0
2012-01-01,27,64,0
2012-01-01,27,65,0
2012-01-01,27,66,0
2012-01-01,27,67,0
2012-01-01,27,68,42
2012-01-01,27,69,0
2012-01-01,27,70,0
2012-01-01,27,71,0
2012-01-01,27,72,0
2012-01-01,27,73,0
2012-01-01,27,74,0
2012-01-01,27,75,0
2012-01-01,27,76,0
2012-01-01,27,77,0
2012-01-01,27,78,0
2012-01-01,27,79,0
2012-01-01,27,80,1
2012-01-01,27,81,0
2012-01-01,27,82,0
2012-01-01,27,83,0
2012-01-01,27,84,0
2012-01-01,27,85,0
2012-01-01,27,86,0
2012-01-01,27,87,0
2012-01-01,27,88,0
2012-01-01,27,89,0
2012-01-01,27,90,0
2012-01-01,27,91,0
2012-01-01,27,92,0
2012-01-01,27,93,0
2012-01-01,27,94,0
2012-01-01,27,95,0
2012-01-01,27,96,0
2012-01-01,27,97,0
2012-01-01,27,98,0
2012-01-01,27,99,0
2012-01-01,27,100,0
2012-01-01,27,101,0
2012-01-01,27,102,0
2012-01-01,27,103,0
2012-01-01,27,104,0
2012-01-01,27,105,0
2012-01-01,27,106,0
2012-01-01,27,107,0
2012-01-01,27,108,0
2012-01-01,27,109,0
2012-01-01,27,110,0
2012-01-01,27,111,0
2012-01-01,28,1,0
2012-01-01,28,2,0
2012-01-01,28,3,0
2012-01-01,28,4,0
2012-01-01,28,5,65
2012-01-01,28,6,0
2012-01-01,28,7,0
2012-01-01,28,8,0
2012-01-01,28,9,0
2012-01-01,28,10,0
2012-01-01,28,11,0
2012-01-01,28,12,0
2012-01-01,28,13,0
2012-01-01,28,14,0
2012-01-01,28,15,0
2012-01-01,28,16,0
2012-01-01,28,17,0
2012-01-01,28,18,0
2012-01-01,28,19,0
2012-01-01,28,20,0
2012-01-01,28,21,0
2012-01-01,28,22,0
2012-01-01,28,23,0
2012-01-01,28,24,0
2012-01-01,28,25,0
2012-01-01,28,26,0
2012-01-01,28,27,0
2012-01-01,28,28,0
2012-01-01,28,29,0
2012-01-01,28,30,0
2012-01-01,28,31,0
2012-01-01,28,32,0
2012-01-01,28,33,0
2012-01-01,28,34,0
2012-01-01,28,35,0
2012-01-01,28,36,0
2012-01-01,28,37,0
2012-01-01,28,38,0
2012-01-01,28,39,0
2012-01-01,28,40,0
2012-01-01,28,41,0
2012-01-01,28,42,0
2012-01-01,28,43,0
2012-01-01,28,44,0
2012-01-01,28,45,68
2012-01-01,28,46,0
2012-01-01,28,47,0
2012-01-01,28,48,0
2012-01-01,28,49,0
2012-01-01,28,50,0
2012-01-01,28,51,0
2012-01-01,28,52,0
2012-01-01,28,53,0
2012-01-01,28,54,0
2012-01-01,28,55,0
2012-01-01,28,56,0
2012-01-01,28,57,0
2012-01-01,28,58,0
2012-01-01,28,59,0
2012-01-01,28,60,0
2012-01-01,28,61,0
2012-01-01,28,62,0
2012-01-01,28,63,0
2012-01-01,28,64,0
2012-01-01,28,65,0
2012-01-01,28,66,0
2012-01-01,28,67,0
2012-01-01,28,68,0
2012-01-01,28,69,0
2012-01-01,28,70,0
2012-01-01,28,71,0
2012-01-01,28,72,0
2012-01-01,28,73,0
2012-01-01,28,74,0
2012-01-01,28,75,0
2012-01-01,28,76,0
2012-01-01,28,77,0
2012-01-01,28,78,0
2012-01-01,28,79,0
2012-01-01,28,80,0
2012-01-01,28,81,0
2012-01-01,28,82,0
2012-01-01,28,83,0
2012-01-01,28,84,0
2012-01-01,28,85,0
2012-01-01,28,86,0
2012-01-01,28,87,0
2012-01-01,28,88,0
2012-01-01,28,89,0
2012-01-01,28,90,0
2012-01-01,28,91,0
2012-01-01,28,92,0
2012-01-01,28,93,0
2012-01-01,28,94,0
2012-01-01,28,95,0
2012-01-01,28,96,0
2012-01-01,28,97,0
2012-01-01,28,98,0
2012-01-01,28,99,0
2012-01-01,28,100,0
2012-01-01,28,101,0
2012-01-01,28,102,0
2012-01-01,28,103,0
2012-01-01,28,104,0
2012-01-01,28,105,0
2012-01-01,28,106,0
2012-01-01,28,107,0
2012-01-01,28,108,0
2012-01-01,28,109,0
2012-01-01,28,110,0
2012-01-01,28,111,0
2012-01-01,29,1,0
2012-01-01,29,2,0
2012-01-01,29,3,0
2012-01-01,29,4,0
2012-01-01,29,5,0
2012-01-01,29,6,0
2012-01-01,29,7,0
2012-01-01,29,8,14
2012-01-01,29,9,0
2012-01-01,29,10,0
2012-01-01,29,11,0
2012-01-01,29,12,0
2012-01-01,29,13,0
2012-01-01,29,14,0
2012-01-01,29,15,0
2012-01-01,29,16,0
2012-01-01,29,17,0
2012-01-01,29,18,0
2012-01-01,29,19,0
2012-01-01,29,20,0
2012-01-01,29,21,0
2012-01-01,29,22,0
2012-01-01,29,23,0
2012-01-01,29,24,0
2012-01-01,29,25,0
2012-01-01,29,26,0
2012-01-01,29,27,0
2012-01-01,29,28,0
2012-01-01,29,29,0
2012-01-01,29,30,0
2012-01-01,29,31,0
2012-01-01,29,32,0
2012-01-01,29,33,0
2012-01-01,29,34,0
2012-01-01,29,35,0
2012-01-01,29,36,0
2012-01-01,29,37,0
2012-01-01,29,38,0
2012-01-01,29,39,0
2012-01-01,29,40,0
2012-01-01,29,41,37
2012-01-01,29,42,0
2012-01-01,29,43,0
2012-01-01,29,44,0
2012-01-01,29,45,98
2012-01-01,29,46,0
2012-01-01,29,47,0
2012-01-01,29,48,0
2012-01-01,29,49,0
2012-01-01,29,50,0
2012-01-01,29,51,0
2012-01-01,29,52,0
2012-01-01,29,53,0
2012-01-01,29,54,0
2012-01-01,29,55,0
2012-01-01,29,56,0
2012-01-01,29,57,0
2012-01-01,29,58,0
2012-01-01,29,59,0
2012-01-01,29,60,0
2012-01-01,29,61,0
2012-01-01,29,62,0
2012-01-01,29,63,0
2012-01-01,29,64,0
2012-01-01,29,65,0
2012-01-01,29,66,0
2012-01-01,29,67,0
2012-01-01,29,68,0
2012-01-01,29,69,0
2012-01-01,29,70,0
2012-01-01,29,71,0
2012-01-01,29,72,0
2012-01-01,29,73,0
2012-01-01,29,74,0
2012-01-01,29,75,0
2012-01-01,29,76,0
2012-01-01,29,77,0
2012-01-01,29,78,0
2012-01-01,29,79,0
2012-01-01,29,80,0
2012-01-01,29,81,0
2012-01-01,29,82,0
2012-01-01,29,83,0
2012-01-01,29,84,0
2012-01-01,29,85,0
2012-01-01,29,86,0
2012-01-01,29,87,0
2012-01-01,29,88,0
2012-01-01,29,89,0
2012-01-01,29,90,0
2012-01-01,29,91,0
2012-01-01,29,92,0
2012-01-01,29,93,0
2012-01-01,29,94,0
2012-01-01,29,95,0
2012-01-01,29,96,0
2012-01-01,29,97,0
2012-01-01,29,98,0
2012-01-01,29,99,0
2012-01-01,29,100,0
2012-01-01,29,101,0
2012-01-01,29,102,0
2012-01-01,29,103,0
2012-01-01,29,104,0
2012-01-01,29,105,0
2012-01-01,29,106,0
2012-01-01,29,107,0
2012-01-01,29,108,0
2012-01-01,29,109,0
2012-01-01,29,110,0
2012-01-01,29,111,0
2012-01-01,30,1,0
2012-01-01,30,2,0
2012-01-01,30,3,0
2012-01-01,30,4,0
2012-01-01,30,5,0
2012-01-01,30,6,0
2012-01-01,30,7,0
2012-01-01,30,8,0
2012-01-01,30,9,0
2012-01-01,30,10,0
2012-01-01,30,11,0
2012-01-01,30,12,0
2012-01-01,30,13,0
2012-01-01,30,14,0
2012-01-01,30,15,0
2012-01-01,30,16,16
2012-01-01,30,17,0
2012-01-01,30,18,0
2012-01-01,30,19,0
2012-01-01,30,20,0
2012-01-01,30,21,0
2012-01-01,30,22,0
2012-01-01,30,23,0
2012-01-01,30,24,0
2012-01-01,30,25,0
2012-01-01,30,26,0
2012-01-01,30,27,0
2012-01-01,30,28,0
2012-01-01,30,29,0
2012-01-01,30,30,0
2012-01-01,30,31,0
2012-01-01,30,32,0
2012-01-01,30,33,0
2012-01-01,30,34,0
2012-01-01,30,35,0
2012-01-01,30,36,0
2012-01-01,30,37,0
2012-01-01,30,38,0
2012-01-01,30,39,0
2012-01-01,30,40,0
2012-01-01,30,41,0
2012-01-01,30,42,0
2012-01-01,30,43,0
2012-01-01,30,44,120
2012-01-01,30,45,0
2012-01-01,30,46,0
2012-01-01,30,47,0
2012-01-01,30,48,0
2012-01-01,30,49,1
2012-01-01,30,50,0
2012-01-01,30,51,6
2012-01-01,30,52,0
2012-01-01,30,53,0
2012-01-01,30,54,0
2012-01-01,30,55,0
2012-01-01,30,56,0
2012-01-01,30,57,0
2012-01-01,30,58,0
2012-01-01,30,59,0
2012-01-01,30,60,0
2012-01-01,30,61,0
2012-01-01,30,62,0
2012-01-01,30,63,0
2012-01-01,30,64,0
2012-01-01,30,65,0
2012-01-01,30,66,0
2012-01-01,30,67,0
2012-01-01,30,68,0
2012-01-01,30,69,0
2012-01-01,30,70,0
2012-01-01,30,71,0
2012-01-01,30,72,0
2012-01-01,30,73,0
2012-01-01,30,74,0
2012-01-01,30,75,0
2012-01-01,30,76,0
2012-01-01,30,77,0
2012-01-01,30,78,0
2012-01-01,30,79,0
2012-01-01,30,80,0
2012-01-01,30,81,0
2012-01-01,30,82,0
2012-01-01,30,83,0
2012-01-01,30,84,0
2012-01-01,30,85,0
2012-01-01,30,86,0
2012-01-01,30,87,0
2012-01-01,30,88,0
2012-01-01,30,89,0
2012-01-01,30,90,0
2012-01-01,30,91,0
2012-01-01,30,92,0
2012-01-01,30,93,0
2012-01-01,30,94,0
2012-01-01,30,95,0
2012-01-01,30,96,0
2012-01-01,30,97,0
2012-01-01,30,98,0
2012-01-01,30,99,0
2012-01-01,30,100,0
2012-01-01,30,101,0
2012-01-01,30,102,0
2012-01-01,30,103,0
2012-01-01,30,104,0
2012-01-01,30,105,0
2012-01-01,30,106,0
2012-01-01,30,107,0
2012-01-01,30,108,0
2012-01-01,30,109,0
2012-01-01,30,110,0
2012-01-01,30,111,0
2012-01-01,31,1,0
2012-01-01,31,2,0
2012-01-01,31,3,0
2012-01-01,31,4,0
2012-01-01,31,5,0
2012-01-01,31,6,0
2012-01-01,31,7,0
2012-01-01,31,8,0
2012-01-01,31,9,40
2012-01-01,31,10,0
2012-01-01,31,11,0
2012-01-01,31,12,0
2012-01-01,31,13,0
2012-01-01,31,14,0
2012-01-01,31,15,0
2012-01-01,31,16,0
2012-01-01,31,17,0
2012-01-01,31,18,0
2012-01-01,31,19,0
2012-01-01,31,20,0
2012-01-01,31,21,0
2012-01-01,31,22,0
2012-01-01,31,23,0
2012-01-01,31,24,0
2012-01-01,31,25,0
2012-01-01,31,26,0
2012-01-01,31,27,0
2012-01-01,31,28,0
2012-01-01,31,29,0
2012-01-01,31,30,0
2012-01-01,31,31,0
2012-01-01,31,32,0
2012-01-01,31,33,0
2012-01-01,31,34,0
2012-01-01,31,35,0
2012-01-01,31,36,0
2012-01-01,31,37,0
2012-01-01,31,38,0
2012-01-01,31,39,0
2012-01-01,31,40,0
2012-01-01,31,41,0
2012-01-01,31,42,0
2012-01-01,31,43,0
2012-01-01,31,44,0
2012-01-01,31,45,83
2012-01-01,31,46,0
2012-01-01,31,47,0
2012-01-01,31,48,0
2012-01-01,31,49,0
2012-01-01,31,50,0
2012-01-01,31,51,0
2012-01-01,31,52,0
2012-01-01,31,53,0
2012-01-01,31,54,0
2012-01-01,31,55,0
2012-01-01,31,56,0
2012-01-01,31,57,0
2012-01-01,31,58,0
2012-01-01,31,59,0
2012-01-01,31,60,0
2012-01-01,31,61,0
2012-01-01,31,62,0
2012-01-01,31,63,0
2012-01-01,31,64,0
2012-01-01,31,65,0
2012-01-01,31,66,0
2012-01-01,31,67,0
2012-01-01,31,68,0
2012-01-01,31,69,0
2012-01-01,31,70,0
2012-01-01,31,71,0
2012-01-01,31,72,0
2012-01-01,31,73,0
2012-01-01,31,74,0
2012-01-01,31,75,0
2012-01-01,31,76,0
2012-01-01,31,77,0
2012-01-01,31,78,0
2012-01-01,31,79,0
2012-01-01,31,80,0
2012-01-01,31,81,0
2012-01-01,31,82,0
2012-01-01,31,83,0
2012-01-01,31,84,0
2012-01-01,31,85,0
2012-01-01,31,86,0
2012-01-01,31,87,0
2012-01-01,31,88,0
2012-01-01,31,89,0
2012-01-01,31,90,0
2012-01-01,31,91,0
2012-01-01,31,92,0
2012-01-01,31,93,0
2012-01-01,31,94,0
2012-01-01,31,95,0
2012-01-01,31,96,0
2012-01-01,31,97,0
2012-01-01,31,98,0
2012-01-01,31,99,0
2012-01-01,31,100,0
2012-01-01,31,101,0
2012-01-01,31,102,0
2012-01-01,31,103,0
2012-01-01,31,104,0
2012-01-01,31,105,0
2012-01-01,31,106,0
2012-01-01,31,107,0
2012-01-01,31,108,0
2012-01-01,31,109,0
2012-01-01,31,110,0
2012-01-01,31,111,0
2012-01-01,32,1,0
2012-01-01,32,2,0
2012-01-01,32,3,0
2012-01-01,32,4,0
2012-01-01,32,5,0
2012-01-01,32,6,0
2012-01-01,32,7,0
2012-01-01,32,8,0
2012-01-01,32,9,65
2012-01-01,32,10,0
2012-01-01,32,11,0
2012-01-01,32,12,0
2012-01-01,32,13,0
2012-01-01,32,14,0
2012-01-01,32,15,0
2012-01-01,32,16,0
2012-01-01,32,17,0
2012-01-01,32,18,0
2012-01-01,32,19,0
2012-01-01,32,20,0
2012-01-01,32,21,0
2012-01-01,32,22,0
2012-01-01,32,23,0
2012-01-01,32,24,0
2012-01-01,32,25,0
2012-01-01,32,26,0
2012-01-01,32,27,0
2012-01-01,32,28,0
2012-01-01,32,29,0
2012-01-01,32,30,0
2012-01-01,32,31,0
2012-01-01,32,32,0
2012-01-01,32,33,0
2012-01-01,32,34,0
2012-01-01,32,35,0
2012-01-01,32,36,0
2012-01-01,32,37,0
2012-01-01,32,38,0
2012-01-01,32,39,0
2012-01-01,32,40,0
2012-01-01,32,41,0
2012-01-01,32,42,0
2012-01-01,32,43,0
2012-01-01,32,44,0
2012-01-01,32,45,46
2012-01-01,32,46,0
2012-01-01,32,47,0
2012-01-01,32,48,0
2012-01-01,32,49,0
2012-01-01,32,50,0
2012-01-01,32,51,0
2012-01-01,32,52,0
2012-01-01,32,53,0
2012-01-01,32,54,0
2012-01-01,32,55,0
2012-01-01,32,56,0
2012-01-01,32,57,0
2012-01-01,32,58,8
2012-01-01,32,59,0
2012-01-01,32,60,0
2012-01-01,32,61,0
2012-01-01,32,62,0
2012-01-01,32,63,0
2012-01-01,32,64,0
2012-01-01,32,65,0
2012-01-01,32,66,0
2012-01-01,32,67,0
2012-01-01,32,68,0
2012-01-01,32,69,0
2012-01-01,32,70,0
2012-01-01,32,71,0
2012-01-01,32,72,0
2012-01-01,32,73,0
2012-01-01,32,74,0
2012-01-01,32,75,0
2012-01-01,32,76,0
2012-01-01,32,77,0
2012-01-01,32,78,0
2012-01-01,32,79,0
2012-01-01,32,80,0
2012-01-01,32,81,0
2012-01-01,32,82,0
2012-01-01,32,83,0
2012-01-01,32,84,0
2012-01-01,32,85,0
2012-01-01,32,86,0
2012-01-01,32,87,0
2012-01-01,32,88,0
2012-01-01,32,89,0
2012-01-01,32,90,0
2012-01-01,32,91,0
2012-01-01,32,92,0
2012-01-01,32,93,0
2012-01-01,32,94,0
2012-01-01,32,95,0
2012-01-01,32,96,0
2012-01-01,32,97,0
2012-01-01,32,98,0
2012-01-01,32,99,0
2012-01-01,32,100,0
2012-01-01,32,101,0
2012-01-01,32,102,0
2012-01-01,32,103,0
2012-01-01,32,104,0
2012-01-01,32,105,0
2012-01-01,32,106,0
2012-01-01,32,107,0
2012-01-01,32,108,0
2012-01-01,32,109,0
2012-01-01,32,110,0
2012-01-01,32,111,0
2012-01-01,33,1,0
2012-01-01,33,2,0
2012-01-01,33,3,0
2012-01-01,33,4,0
2012-01-01,33,5,0
2012-01-01,33,6,0
2012-01-01,33,7,0
2012-01-01,33,8,0
2012-01-01,33,9,169
2012-01-01,33,10,0
2012-01-01,33,11,0
2012-01-01,33,12,0
2012-01-01,33,13,0
2012-01-01,33,14,0
2012-01-01,33,15,0
2012-01-01,33,16,0
2012-01-01,33,17,0
2012-01-01,33,18,0
2012-01-01,33,19,0
2012-01-01,33,20,0
2012-01-01,33,21,0
2012-01-01,33,22,0
2012-01-01,33,23,0
2012-01-01,33,24,0
2012-01-01,33,25,0
2012-01-01,33,26,0
2012-01-01,33,27,0
2012-01-01,33,28,0
2012-01-01,33,29,0
2012-01-01,33,30,0
2012-01-01,33,31,0
2012-01-01,33,32,0
2012-01-01,33,33,0
2012-01-01,33,34,0
2012-01-01,33,35,0
2012-01-01,33,36,0
2012-01-01,33,37,0
2012-01-01,33,38,0
2012-01-01,33,39,0
2012-01-01,33,40,0
2012-01-01,33,41,0
2012-01-01,33,42,0
2012-01-01,33,43,0
2012-01-01,33,44,354
2012-01-01,33,45,0
2012-01-01,33,46,0
2012-01-01,33,47,0
2012-01-01,33,48,0
2012-01-01,33,49,0
2012-01-01,33,50,0
2012-01-01,33,51,0
2012-01-01,33,52,0
2012-01-01,33,53,0
2012-01-01,33,54,0
2012-01-01,33,55,0
2012-01-01,33,56,0
2012-01-01,33,57,0
2012-01-01,33,58,0
2012-01-01,33,59,0
2012-01-01,33,60,0
2012-01-01,33,61,0
2012-01-01,33,62,0
2012-01-01,33,63,0
2012-01-01,33,64,0
2012-01-01,33,65,0
2012-01-01,33,66,0
2012-01-01,33,67,0
2012-01-01,33,68,0
2012-01-01,33,69,0
2012-01-01,33,70,0
2012-01-01,33,71,0
2012-01-01,33,72,0
2012-01-01,33,73,0
2012-01-01,33,74,0
2012-01-01,33,75,0
2012-01-01,33,76,0
2012-01-01,33,77,0
2012-01-01,33,78,0
2012-01-01,33,79,0
2012-01-01,33,80,0
2012-01-01,33,81,0
2012-01-01,33,82,0
2012-01-01,33,83,0
2012-01-01,33,84,0
2012-01-01,33,85,1
2012-01-01,33,86,0
2012-01-01,33,87,0
2012-01-01,33,88,0
2012-01-01,33,89,0
2012-01-01,33,90,0
2012-01-01,33,91,0
2012-01-01,33,92,1
2012-01-01,33,93,0
2012-01-01,33,94,0
2012-01-01,33,95,0
2012-01-01,33,96,0
2012-01-01,33,97,0
2012-01-01,33,98,0
2012-01-01,33,99,0
2012-01-01,33,100,0
2012-01-01,33,101,0
2012-01-01,33,102,0
2012-01-01,33,103,0
2012-01-01,33,104,0
2012-01-01,33,105,0
2012-01-01,33,106,0
2012-01-01,33,107,0
2012-01-01,33,108,0
2012-01-01,33,109,0
2012-01-01,33,110,0
2012-01-01,33,111,0
2012-01-01,34,1,0
2012-01-01,34,2,0
2012-01-01,34,3,0
2012-01-01,34,4,0
2012-01-01,34,5,0
2012-01-01,34,6,0
2012-01-01,34,7,0
2012-01-01,34,8,0
2012-01-01,34,9,36
2012-01-01,34,10,0
2012-01-01,34,11,0
2012-01-01,34,12,0
2012-01-01,34,13,0
2012-01-01,34,14,0
2012-01-01,34,15,0
2012-01-01,34,16,0
2012-01-01,34,17,0
2012-01-01,34,18,0
2012-01-01,34,19,0
2012-01-01,34,20,0
2012-01-01,34,21,0
2012-01-01,34,22,0
2012-01-01,34,23,0
2012-01-01,34,24,0
2012-01-01,34,25,0
2012-01-01,34,26,0
2012-01-01,34,27,0
2012-01-01,34,28,0
2012-01-01,34,29,0
2012-01-01,34,30,0
2012-01-01,34,31,1
2012-01-01,34,32,0
2012-01-01,34,33,0
2012-01-01,34,34,0
2012-01-01,34,35,0
2012-01-01,34,36,0
2012-01-01,34,37,0
2012-01-01,34,38,0
2012-01-01,34,39,0
2012-01-01,34,40,0
2012-01-01,34,41,0
2012-01-01,34,42,0
2012-01-01,34,43,0
2012-01-01,34,44,0
2012-01-01,34,45,163
2012-01-01,34,46,0
2012-01-01,34,47,0
2012-01-01,34,48,0
2012-01-01,34,49,0
2012-01-01,34,50,0
2012-01-01,34,51,0
2012-01-01,34,52,1
2012-01-01,34,53,0
2012-01-01,34,54,0
2012-01-01,34,55,0
2012-01-01,34,56,0
2012-01-01,34,57,0
2012-01-01,34,58,0
2012-01-01,34,59,0
2012-01-01,34,60,0
2012-01-01,34,61,0
2012-01-01,34,62,0
2012-01-01,34,63,0
2012-01-01,34,64,0
2012-01-01,34,65,0
2012-01-01,34,66,0
2012-01-01,34,67,0
2012-01-01,34,68,0
2012-01-01,34,69,0
2012-01-01,34,70,0
2012-01-01,34,71,0
2012-01-01,34,72,0
2012-01-01,34,73,0
2012-01-01,34,74,0
2012-01-01,34,75,0
2012-01-01,34,76,0
2012-01-01,34,77,0
2012-01-01,34,78,0
2012-01-01,34,79,0
2012-01-01,34,80,0
2012-01-01,34,81,0
2012-01-01,34,82,0
2012-01-01,34,83,0
2012-01-01,34,84,0
2012-01-01,34,85,0
2012-01-01,34,86,0
2012-01-01,34,87,0
2012-01-01,34,88,0
2012-01-01,34,89,0
2012-01-01,34,90,0
2012-01-01,34,91,0
2012-01-01,34,92,0
2012-01-01,34,93,0
2012-01-01,34,94,0
2012-01-01,34,95,0
2012-01-01,34,96,0
2012-01-01,34,97,0
2012-01-01,34,98,0
2012-01-01,34,99,0
2012-01-01,34,100,0
2012-01-01,34,101,0
2012-01-01,34,102,0
2012-01-01,34,103,0
2012-01-01,34,104,0
2012-01-01,34,105,0
2012-01-01,34,106,0
2012-01-01,34,107,0
2012-01-01,34,108,0
2012-01-01,34,109,0
2012-01-01,34,110,0
2012-01-01,34,111,0
2012-01-01,36,1,0
2012-01-01,36,2,0
2012-01-01,36,3,0
2012-01-01,36,4,0
2012-01-01,36,5,0
2012-01-01,36,6,0
2012-01-01,36,7,0
2012-01-01,36,8,0
2012-01-01,36,9,41
2012-01-01,36,10,0
2012-01-01,36,11,0
2012-01-01,36,12,0
2012-01-01,36,13,0
2012-01-01,36,14,0
2012-01-01,36,15,0
2012-01-01,36,16,0
2012-01-01,36,17,0
2012-01-01,36,18,0
2012-01-01,36,19,0
2012-01-01,36,20,0
2012-01-01,36,21,0
2012-01-01,36,22,0
2012-01-01,36,23,0
2012-01-01,36,24,0
2012-01-01,36,25,0
2012-01-01,36,26,0
2012-01-01,36,27,0
2012-01-01,36,28,0
2012-01-01,36,29,0
2012-01-01,36,30,0
2012-01-01,36,31,0
2012-01-01,36,32,0
2012-01-01,36,33,0
2012-01-01,36,34,0
2012-01-01,36,35,0
2012-01-01,36,36,0
2012-01-01,36,37,0
2012-01-01,36,38,0
2012-01-01,36,39,0
2012-01-01,36,40,0
2012-01-01,36,41,0
2012-01-01,36,42,0
2012-01-01,36,43,0
2012-01-01,36,44,94
2012-01-01,36,45,0
2012-01-01,36,46,0
2012-01-01,36,47,0
2012-01-01,36,48,0
2012-01-01,36,49,0
2012-01-01,36,50,0
2012-01-01,36,51,0
2012-01-01,36,52,0
2012-01-01,36,53,0
2012-01-01,36,54,0
2012-01-01,36,55,0
2012-01-01,36,56,0
2012-01-01,36,57,0
2012-01-01,36,58,0
2012-01-01,36,59,0
2012-01-01,36,60,0
2012-01-01,36,61,0
2012-01-01,36,62,0
2012-01-01,36,63,0
2012-01-01,36,64,0
2012-01-01,36,65,0
2012-01-01,36,66,0
2012-01-01,36,67,0
2012-01-01,36,68,0
2012-01-01,36,69,0
2012-01-01,36,70,0
2012-01-01,36,71,0
2012-01-01,36,72,0
2012-01-01,36,73,0
2012-01-01,36,74,0
2012-01-01,36,75,0
2012-01-01,36,76,0
2012-01-01,36,77,0
2012-01-01,36,78,0
2012-01-01,36,79,0
2012-01-01,36,80,0
2012-01-01,36,81,0
2012-01-01,36,82,0
2012-01-01,36,83,0
2012-01-01,36,84,0
2012-01-01,36,85,0
2012-01-01,36,86,0
2012-01-01,36,87,0
2012-01-01,36,88,0
2012-01-01,36,89,0
2012-01-01,36,90,0
2012-01-01,36,91,0
2012-01-01,36,92,0
2012-01-01,36,93,0
2012-01-01,36,94,0
2012-01-01,36,95,0
2012-01-01,36,96,0
2012-01-01,36,97,0
2012-01-01,36,98,0
2012-01-01,36,99,0
2012-01-01,36,100,0
2012-01-01,36,101,0
2012-01-01,36,102,0
2012-01-01,36,103,0
2012-01-01,36,104,0
2012-01-01,36,105,0
2012-01-01,36,106,0
2012-01-01,36,107,0
2012-01-01,36,108,0
2012-01-01,36,109,0
2012-01-01,36,110,0
2012-01-01,36,111,0
2012-01-01,37,1,0
2012-01-01,37,2,0
2012-01-01,37,3,0
2012-01-01,37,4,0
2012-01-01,37,5,77
2012-01-01,37,6,0
2012-01-01,37,7,0
2012-01-01,37,8,0
2012-01-01,37,9,0
2012-01-01,37,10,0
2012-01-01,37,11,0
2012-01-01,37,12,0
2012-01-01,37,13,0
2012-01-01,37,14,0
2012-01-01,37,15,0
2012-01-01,37,16,0
2012-01-01,37,17,0
2012-01-01,37,18,0
2012-01-01,37,19,0
2012-01-01,37,20,0
2012-01-01,37,21,0
2012-01-01,37,22,0
2012-01-01,37,23,0
2012-01-01,37,24,0
2012-01-01,37,25,0
2012-01-01,37,26,0
2012-01-01,37,27,0
2012-01-01,37,28,0
2012-01-01,37,29,0
2012-01-01,37,30,0
2012-01-01,37,31,0
2012-01-01,37,32,0
2012-01-01,37,33,0
2012-01-01,37,34,0
2012-01-01,37,35,0
2012-01-01,37,36,0
2012-01-01,37,37,0
2012-01-01,37,38,0
2012-01-01,37,39,0
2012-01-01,37,40,0
2012-01-01,37,41,0
2012-01-01,37,42,0
2012-01-01,37,43,0
2012-01-01,37,44,0
2012-01-01,37,45,53
2012-01-01,37,46,0
2012-01-01,37,47,0
2012-01-01,37,48,0
2012-01-01,37,49,0
2012-01-01,37,50,0
2012-01-01,37,51,0
2012-01-01,37,52,0
2012-01-01,37,53,0
2012-01-01,37,54,0
2012-01-01,37,55,0
2012-01-01,37,56,0
2012-01-01,37,57,0
2012-01-01,37,58,0
2012-01-01,37,59,0
2012-01-01,37,60,0
2012-01-01,37,61,0
2012-01-01,37,62,0
2012-01-01,37,63,0
2012-01-01,37,64,0
2012-01-01,37,65,0
2012-01-01,37,66,0
2012-01-01,37,67,0
2012-01-01,37,68,0
2012-01-01,37,69,0
2012-01-01,37,70,0
2012-01-01,37,71,0
2012-01-01,37,72,0
2012-01-01,37,73,0
2012-01-01,37,74,0
2012-01-01,37,75,0
2012-01-01,37,76,0
2012-01-01,37,77,0
2012-01-01,37,78,0
2012-01-01,37,79,0
2012-01-01,37,80,0
2012-01-01,37,81,0
2012-01-01,37,82,0
2012-01-01,37,83,0
2012-01-01,37,84,0
2012-01-01,37,85,0
2012-01-01,37,86,0
2012-01-01,37,87,0
2012-01-01,37,88,0
2012-01-01,37,89,0
2012-01-01,37,90,0
2012-01-01,37,91,0
2012-01-01,37,92,0
2012-01-01,37,93,0
2012-01-01,37,94,0
2012-01-01,37,95,0
2012-01-01,37,96,0
2012-01-01,37,97,0
2012-01-01,37,98,0
2012-01-01,37,99,0
2012-01-01,37,100,0
2012-01-01,37,101,0
2012-01-01,37,102,0
2012-01-01,37,103,0
2012-01-01,37,104,0
2012-01-01,37,105,0
2012-01-01,37,106,0
2012-01-01,37,107,0
2012-01-01,37,108,0
2012-01-01,37,109,0
2012-01-01,37,110,0
2012-01-01,37,111,0
2012-01-01,38,1,0
2012-01-01,38,2,0
2012-01-01,38,3,0
2012-01-01,38,4,0
2012-01-01,38,5,0
2012-01-01,38,6,0
2012-01-01,38,7,0
2012-01-01,38,8,0
2012-01-01,38,9,195
2012-01-01,38,10,0
2012-01-01,38,11,0
2012-01-01,38,12,0
2012-01-01,38,13,0
2012-01-01,38,14,0
2012-01-01,38,15,0
2012-01-01,38,16,0
2012-01-01,38,17,0
2012-01-01,38,18,0
2012-01-01,38,19,0
2012-01-01,38,20,0
2012-01-01,38,21,0
2012-01-01,38,22,0
2012-01-01,38,23,0
2012-01-01,38,24,0
2012-01-01,38,25,0
2012-01-01,38,26,0
2012-01-01,38,27,0
2012-01-01,38,28,0
2012-01-01,38,29,0
2012-01-01,38,30,0
2012-01-01,38,31,0
2012-01-01,38,32,0
2012-01-01,38,33,0
2012-01-01,38,34,0
2012-01-01,38,35,0
2012-01-01,38,36,0
2012-01-01,38,37,0
2012-01-01,38,38,0
2012-01-01,38,39,0
2012-01-01,38,40,0
2012-01-01,38,41,0
2012-01-01,38,42,0
2012-01-01,38,43,0
2012-01-01,38,44,0
2012-01-01,38,45,135
2012-01-01,38,46,0
2012-01-01,38,47,0
2012-01-01,38,48,0
2012-01-01,38,49,0
2012-01-01,38,50,0
2012-01-01,38,51,0
2012-01-01,38,52,0
2012-01-01,38,53,0
2012-01-01,38,54,0
2012-01-01,38,55,0
2012-01-01,38,56,0
2012-01-01,38,57,0
2012-01-01,38,58,0
2012-01-01,38,59,0
2012-01-01,38,60,0
2012-01-01,38,61,0
2012-01-01,38,62,0
2012-01-01,38,63,0
2012-01-01,38,64,0
2012-01-01,38,65,0
2012-01-01,38,66,0
2012-01-01,38,67,0
2012-01-01,38,68,0
2012-01-01,38,69,0
2012-01-01,38,70,0
2012-01-01,38,71,0
2012-01-01,38,72,0
2012-01-01,38,73,0
2012-01-01,38,74,0
2012-01-01,38,75,0
2012-01-01,38,76,0
2012-01-01,38,77,0
2012-01-01,38,78,0
2012-01-01,38,79,0
2012-01-01,38,80,0
2012-01-01,38,81,0
2012-01-01,38,82,0
2012-01-01,38,83,0
2012-01-01,38,84,0
2012-01-01,38,85,0
2012-01-01,38,86,0
2012-01-01,38,87,0
2012-01-01,38,88,0
2012-01-01,38,89,0
2012-01-01,38,90,0
2012-01-01,38,91,0
2012-01-01,38,92,0
2012-01-01,38,93,0
2012-01-01,38,94,0
2012-01-01,38,95,0
2012-01-01,38,96,0
2012-01-01,38,97,0
2012-01-01,38,98,0
2012-01-01,38,99,0
2012-01-01,38,100,0
2012-01-01,38,101,0
2012-01-01,38,102,0
2012-01-01,38,103,0
2012-01-01,38,104,0
2012-01-01,38,105,0
2012-01-01,38,106,0
2012-01-01,38,107,0
2012-01-01,38,108,0
2012-01-01,38,109,0
2012-01-01,38,110,0
2012-01-01,38,111,0
2012-01-01,39,1,0
2012-01-01,39,2,0
2012-01-01,39,3,0
2012-01-01,39,4,0
2012-01-01,39,5,0
2012-01-01,39,6,0
2012-01-01,39,7,0
2012-01-01,39,8,0
2012-01-01,39,9,2
2012-01-01,39,10,0
2012-01-01,39,11,0
2012-01-01,39,12,0
2012-01-01,39,13,0
2012-01-01,39,14,0
2012-01-01,39,15,0
2012-01-01,39,16,0
2012-01-01,39,17,0
2012-01-01,39,18,0
2012-01-01,39,19,0
2012-01-01,39,20,0
2012-01-01,39,21,0
2012-01-01,39,22,0
2012-01-01,39,23,0
2012-01-01,39,24,0
2012-01-01,39,25,0
2012-01-01,39,26,0
2012-01-01,39,27,0
2012-01-01,39,28,0
2012-01-01,39,29,0
2012-01-01,39,30,0
2012-01-01,39,31,0
2012-01-01,39,32,0
2012-01-01,39,33,0
2012-01-01,39,34,0
2012-01-01,39,35,0
2012-01-01,39,36,6
2012-01-01,39,37,0
2012-01-01,39,38,0
2012-01-01,39,39,0
2012-01-01,39,40,0
2012-01-01,39,41,0
2012-01-01,39,42,0
2012-01-01,39,43,0
2012-01-01,39,44,0
2012-01-01,39,45,0
2012-01-01,39,46,0
2012-01-01,39,47,0
2012-01-01,39,48,0
2012-01-01,39,49,0
2012-01-01,39,50,0
2012-01-01,39,51,0
2012-01-01,39,52,0
2012-01-01,39,53,0
2012-01-01,39,54,0
2012-01-01,39,55,0
2012-01-01,39,56,0
2012-01-01,39,57,0
2012-01-01,39,58,0
2012-01-01,39,59,0
2012-01-01,39,60,0
2012-01-01,39,61,0
2012-01-01,39,62,0
2012-01-01,39,63,0
2012-01-01,39,64,0
2012-01-01,39,65,0
2012-01-01,39,66,0
2012-01-01,39,67,0
2012-01-01,39,68,0
2012-01-01,39,69,0
2012-01-01,39,70,0
2012-01-01,39,71,0
2012-01-01,39,72,0
2012-01-01,39,73,0
2012-01-01,39,74,0
2012-01-01,39,75,0
2012-01-01,39,76,0
2012-01-01,39,77,0
2012-01-01,39,78,0
2012-01-01,39,79,0
2012-01-01,39,80,0
2012-01-01,39,81,0
2012-01-01,39,82,0
2012-01-01,39,83,0
2012-01-01,39,84,0
2012-01-01,39,85,0
2012-01-01,39,86,0
2012-01-01,39,87,0
2012-01-01,39,88,0
2012-01-01,39,89,0
2012-01-01,39,90,0
2012-01-01,39,91,0
2012-01-01,39,92,0
2012-01-01,39,93,0
2012-01-01,39,94,0
2012-01-01,39,95,0
2012-01-01,39,96,0
2012-01-01,39,97,0
2012-01-01,39,98,0
2012-01-01,39,99,0
2012-01-01,39,100,0
2012-01-01,39,101,0
2012-01-01,39,102,0
2012-01-01,39,103,0
2012-01-01,39,104,0
2012-01-01,39,105,0
2012-01-01,39,106,0
2012-01-01,39,107,0
2012-01-01,39,108,0
2012-01-01,39,109,0
2012-01-01,39,110,0
2012-01-01,39,111,0
2012-01-01,40,1,0
2012-01-01,40,2,0
2012-01-01,40,3,0
2012-01-01,40,4,0
2012-01-01,40,5,76
2012-01-01,40,6,0
2012-01-01,40,7,0
2012-01-01,40,8,0
2012-01-01,40,9,0
2012-01-01,40,10,0
2012-01-01,40,11,0
2012-01-01,40,12,0
2012-01-01,40,13,0
2012-01-01,40,14,0
2012-01-01,40,15,0
2012-01-01,40,16,0
2012-01-01,40,17,0
2012-01-01,40,18,0
2012-01-01,40,19,0
2012-01-01,40,20,0
2012-01-01,40,21,0
2012-01-01,40,22,0
2012-01-01,40,23,0
2012-01-01,40,24,0
2012-01-01,40,25,0
2012-01-01,40,26,0
2012-01-01,40,27,0
2012-01-01,40,28,0
2012-01-01,40,29,0
2012-01-01,40,30,0
2012-01-01,40,31,0
2012-01-01,40,32,0
2012-01-01,40,33,0
2012-01-01,40,34,0
2012-01-01,40,35,0
2012-01-01,40,36,0
2012-01-01,40,37,0
2012-01-01,40,38,0
2012-01-01,40,39,0
2012-01-01,40,40,0
2012-01-01,40,41,0
2012-01-01,40,42,0
2012-01-01,40,43,0
2012-01-01,40,44,0
2012-01-01,40,45,48
2012-01-01,40,46,0
2012-01-01,40,47,0
2012-01-01,40,48,0
2012-01-01,40,49,0
2012-01-01,40,50,0
2012-01-01,40,51,1
2012-01-01,40,52,0
2012-01-01,40,53,0
2012-01-01,40,54,0
2012-01-01,40,55,0
2012-01-01,40,56,0
2012-01-01,40,57,0
2012-01-01,40,58,0
2012-01-01,40,59,0
2012-01-01,40,60,0
2012-01-01,40,61,0
2012-01-01,40,62,0
2012-01-01,40,63,0
2012-01-01,40,64,0
2012-01-01,40,65,0
2012-01-01,40,66,0
2012-01-01,40,67,0
2012-01-01,40,68,0
2012-01-01,40,69,0
2012-01-01,40,70,0
2012-01-01,40,71,0
2012-01-01,40,72,0
2012-01-01,40,73,0
2012-01-01,40,74,0
2012-01-01,40,75,0
2012-01-01,40,76,0
2012-01-01,40,77,0
2012-01-01,40,78,0
2012-01-01,40,79,0
2012-01-01,40,80,0
2012-01-01,40,81,0
2012-01-01,40,82,0
2012-01-01,40,83,0
2012-01-01,40,84,0
2012-01-01,40,85,0
2012-01-01,40,86,0
2012-01-01,40,87,0
2012-01-01,40,88,0
2012-01-01,40,89,0
2012-01-01,40,90,0
2012-01-01,40,91,0
2012-01-01,40,92,0
2012-01-01,40,93,0
2012-01-01,40,94,0
2012-01-01,40,95,0
2012-01-01,40,96,0
2012-01-01,40,97,0
2012-01-01,40,98,0
2012-01-01,40,99,0
2012-01-01,40,100,0
2012-01-01,40,101,0
2012-01-01,40,102,0
2012-01-01,40,103,0
2012-01-01,40,104,0
2012-01-01,40,105,0
2012-01-01,40,106,0
2012-01-01,40,107,0
2012-01-01,40,108,0
2012-01-01,40,109,0
2012-01-01,40,110,0
2012-01-01,40,111,0
2012-01-01,41,1,0
2012-01-01,41,2,0
2012-01-01,41,3,0
2012-01-01,41,4,0
2012-01-01,41,5,0
2012-01-01,41,6,0
2012-01-01,41,7,0
2012-01-01,41,8,0
2012-01-01,41,9,0
2012-01-01,41,10,0
2012-01-01,41,11,0
2012-01-01,41,12,0
2012-01-01,41,13,0
2012-01-01,41,14,0
2012-01-01,41,15,0
2012-01-01,41,16,42
2012-01-01,41,17,0
2012-01-01,41,18,0
2012-01-01,41,19,0
2012-01-01,41,20,0
2012-01-01,41,21,0
2012-01-01,41,22,0
2012-01-01,41,23,0
2012-01-01,41,24,0
2012-01-01,41,25,0
2012-01-01,41,26,0
2012-01-01,41,27,0
2012-01-01,41,28,0
2012-01-01,41,29,0
2012-01-01,41,30,0
2012-01-01,41,31,0
2012-01-01,41,32,0
2012-01-01,41,33,0
2012-01-01,41,34,0
2012-01-01,41,35,0
2012-01-01,41,36,0
2012-01-01,41,37,0
2012-01-01,41,38,0
2012-01-01,41,39,0
2012-01-01,41,40,0
2012-01-01,41,41,0
2012-01-01,41,42,0
2012-01-01,41,43,0
2012-01-01,41,44,0
2012-01-01,41,45,0
2012-01-01,41,46,0
2012-01-01,41,47,0
2012-01-01,41,48,0
2012-01-01,41,49,0
2012-01-01,41,50,0
2012-01-01,41,51,0
2012-01-01,41,52,0
2012-01-01,41,53,0
2012-01-01,41,54,0
2012-01-01,41,55,0
2012-01-01,41,56,0
2012-01-01,41,57,0
2012-01-01,41,58,0
2012-01-01,41,59,0
2012-01-01,41,60,0
2012-01-01,41,61,0
2012-01-01,41,62,0
2012-01-01,41,63,0
2012-01-01,41,64,0
2012-01-01,41,65,0
2012-01-01,41,66,0
2012-01-01,41,67,0
2012-01-01,41,68,95
2012-01-01,41,69,0
2012-01-01,41,70,0
2012-01-01,41,71,0
2012-01-01,41,72,0
2012-01-01,41,73,0
2012-01-01,41,74,0
2012-01-01,41,75,0
2012-01-01,41,76,0
2012-01-01,41,77,0
2012-01-01,41,78,0
2012-01-01,41,79,0
2012-01-01,41,80,0
2012-01-01,41,81,0
2012-01-01,41,82,0
2012-01-01,41,83,0
2012-01-01,41,84,0
2012-01-01,41,85,0
2012-01-01,41,86,0
2012-01-01,41,87,0
2012-01-01,41,88,0
2012-01-01,41,89,0
2012-01-01,41,90,0
2012-01-01,41,91,0
2012-01-01,41,92,0
2012-01-01,41,93,0
2012-01-01,41,94,0
2012-01-01,41,95,0
2012-01-01,41,96,0
2012-01-01,41,97,0
2012-01-01,41,98,0
2012-01-01,41,99,0
2012-01-01,41,100,0
2012-01-01,41,101,0
2012-01-01,41,102,0
2012-01-01,41,103,0
2012-01-01,41,104,0
2012-01-01,41,105,0
2012-01-01,41,106,0
2012-01-01,41,107,0
2012-01-01,41,108,0
2012-01-01,41,109,0
2012-01-01,41,110,0
2012-01-01,41,111,0
2012-01-01,42,1,0
2012-01-01,42,2,0
2012-01-01,42,3,0
2012-01-01,42,4,0
2012-01-01,42,5,154
2012-01-01,42,6,0
2012-01-01,42,7,0
2012-01-01,42,8,0
2012-01-01,42,9,0
2012-01-01,42,10,0
2012-01-01,42,11,0
2012-01-01,42,12,0
2012-01-01,42,13,0
2012-01-01,42,14,0
2012-01-01,42,15,0
2012-01-01,42,16,0
2012-01-01,42,17,0
2012-01-01,42,18,0
2012-01-01,42,19,0
2012-01-01,42,20,0
2012-01-01,42,21,0
2012-01-01,42,22,0
2012-01-01,42,23,0
2012-01-01,42,24,0
2012-01-01,42,25,0
2012-01-01,42,26,0
2012-01-01,42,27,0
2012-01-01,42,28,0
2012-01-01,42,29,0
2012-01-01,42,30,0
2012-01-01,42,31,0
2012-01-01,42,32,0
2012-01-01,42,33,0
2012-01-01,42,34,0
2012-01-01,42,35,0
2012-01-01,42,36,0
2012-01-01,42,37,0
2012-01-01,42,38,0
2012-01-01,42,39,0
2012-01-01,42,40,0
2012-01-01,42,41,0
2012-01-01,42,42,0
2012-01-01,42,43,0
2012-01-01,42,44,0
2012-01-01,42,45,98
2012-01-01,42,46,0
2012-01-01,42,47,0
2012-01-01,42,48,0
2012-01-01,42,49,0
2012-01-01,42,50,0
2012-01-01,42,51,0
2012-01-01,42,52,0
2012-01-01,42,53,0
2012-01-01,42,54,0
2012-01-01,42,55,0
2012-01-01,42,56,0
2012-01-01,42,57,0
2012-01-01,42,58,0
2012-01-01,42,59,0
2012-01-01,42,60,0
2012-01-01,42,61,0
2012-01-01,42,62,0
2012-01-01,42,63,0
2012-01-01,42,64,0
2012-01-01,42,65,0
2012-01-01,42,66,0
2012-01-01,42,67,0
2012-01-01,42,68,0
2012-01-01,42,69,0
2012-01-01,42,70,0
2012-01-01,42,71,0
2012-01-01,42,72,0
2012-01-01,42,73,0
2012-01-01,42,74,0
2012-01-01,42,75,0
2012-01-01,42,76,0
2012-01-01,42,77,0
2012-01-01,42,78,0
2012-01-01,42,79,0
2012-01-01,42,80,0
2012-01-01,42,81,0
2012-01-01,42,82,0
2012-01-01,42,83,0
2012-01-01,42,84,0
2012-01-01,42,85,0
2012-01-01,42,86,0
2012-01-01,42,87,0
2012-01-01,42,88,0
2012-01-01,42,89,0
2012-01-01,42,90,0
2012-01-01,42,91,0
2012-01-01,42,92,0
2012-01-01,42,93,0
2012-01-01,42,94,0
2012-01-01,42,95,0
2012-01-01,42,96,0
2012-01-01,42,97,0
2012-01-01,42,98,0
2012-01-01,42,99,0
2012-01-01,42,100,0
2012-01-01,42,101,0
2012-01-01,42,102,0
2012-01-01,42,103,0
2012-01-01,42,104,0
2012-01-01,42,105,0
2012-01-01,42,106,0
2012-01-01,42,107,0
2012-01-01,42,108,0
2012-01-01,42,109,0
2012-01-01,42,110,0
2012-01-01,42,111,0
2012-01-01,43,1,0
2012-01-01,43,2,0
2012-01-01,43,3,0
2012-01-01,43,4,0
2012-01-01,43,5,0
2012-01-01,43,6,0
2012-01-01,43,7,0
2012-01-01,43,8,0
2012-01-01,43,9,0
2012-01-01,43,10,0
2012-01-01,43,11,0
2012-01-01,43,12,0
2012-01-01,43,13,0
2012-01-01,43,14,0
2012-01-01,43,15,0
2012-01-01,43,16,71
2012-01-01,43,17,0
2012-01-01,43,18,0
2012-01-01,43,19,0
2012-01-01,43,20,0
2012-01-01,43,21,0
2012-01-01,43,22,0
2012-01-01,43,23,0
2012-01-01,43,24,0
2012-01-01,43,25,0
2012-01-01,43,26,0
2012-01-01,43,27,0
2012-01-01,43,28,0
2012-01-01,43,29,0
2012-01-01,43,30,0
2012-01-01,43,31,0
2012-01-01,43,32,0
2012-01-01,43,33,0
2012-01-01,43,34,0
2012-01-01,43,35,0
2012-01-01,43,36,0
2012-01-01,43,37,16
2012-01-01,43,38,0
2012-01-01,43,39,0
2012-01-01,43,40,0
2012-01-01,43,41,0
2012-01-01,43,42,0
2012-01-01,43,43,0
2012-01-01,43,44,0
2012-01-01,43,45,0
2012-01-01,43,46,0
2012-01-01,43,47,0
2012-01-01,43,48,0
2012-01-01,43,49,0
2012-01-01,43,50,0
2012-01-01,43,51,0
2012-01-01,43,52,0
2012-01-01,43,53,0
2012-01-01,43,54,0
2012-01-01,43,55,0
2012-01-01,43,56,0
2012-01-01,43,57,0
2012-01-01,43,58,0
2012-01-01,43,59,0
2012-01-01,43,60,0
2012-01-01,43,61,0
2012-01-01,43,62,0
2012-01-01,43,63,0
2012-01-01,43,64,0
2012-01-01,43,65,0
2012-01-01,43,66,0
2012-01-01,43,67,0
2012-01-01,43,68,0
2012-01-01,43,69,0
2012-01-01,43,70,0
2012-01-01,43,71,0
2012-01-01,43,72,0
2012-01-01,43,73,0
2012-01-01,43,74,0
2012-01-01,43,75,0
2012-01-01,43,76,0
2012-01-01,43,77,0
2012-01-01,43,78,0
2012-01-01,43,79,0
2012-01-01,43,80,0
2012-01-01,43,81,0
2012-01-01,43,82,0
2012-01-01,43,83,0
2012-01-01,43,84,0
2012-01-01,43,85,0
2012-01-01,43,86,0
2012-01-01,43,87,0
2012-01-01,43,88,0
2012-01-01,43,89,0
2012-01-01,43,90,0
2012-01-01,43,91,0
2012-01-01,43,92,0
2012-01-01,43,93,0
2012-01-01,43,94,0
2012-01-01,43,95,0
2012-01-01,43,96,0
2012-01-01,43,97,0
2012-01-01,43,98,0
2012-01-01,43,99,0
2012-01-01,43,100,0
2012-01-01,43,101,0
2012-01-01,43,102,0
2012-01-01,43,103,0
2012-01-01,43,104,0
2012-01-01,43,105,0
2012-01-01,43,106,0
2012-01-01,43,107,0
2012-01-01,43,108,0
2012-01-01,43,109,0
2012-01-01,43,110,0
2012-01-01,43,111,0
2012-01-01,44,1,0
2012-01-01,44,2,0
2012-01-01,44,3,0
2012-01-01,44,4,0
2012-01-01,44,5,26
2012-01-01,44,6,0
2012-01-01,44,7,0
2012-01-01,44,8,0
2012-01-01,44,9,0
2012-01-01,44,10,0
2012-01-01,44,11,0
2012-01-01,44,12,0
2012-01-01,44,13,0
2012-01-01,44,14,0
2012-01-01,44,15,0
2012-01-01,44,16,0
2012-01-01,44,17,0
2012-01-01,44,18,0
2012-01-01,44,19,0
2012-01-01,44,20,0
2012-01-01,44,21,0
2012-01-01,44,22,0
2012-01-01,44,23,0
2012-01-01,44,24,0
2012-01-01,44,25,0
2012-01-01,44,26,0
2012-01-01,44,27,0
2012-01-01,44,28,0
2012-01-01,44,29,0
2012-01-01,44,30,0
2012-01-01,44,31,0
2012-01-01,44,32,0
2012-01-01,44,33,0
2012-01-01,44,34,0
2012-01-01,44,35,0
2012-01-01,44,36,0
2012-01-01,44,37,0
2012-01-01,44,38,0
2012-01-01,44,39,0
2012-01-01,44,40,0
2012-01-01,44,41,0
2012-01-01,44,42,0
2012-01-01,44,43,0
2012-01-01,44,44,0
2012-01-01,44,45,0
2012-01-01,44,46,0
2012-01-01,44,47,0
2012-01-01,44,48,0
2012-01-01,44,49,0
2012-01-01,44,50,0
2012-01-01,44,51,0
2012-01-01,44,52,0
2012-01-01,44,53,0
2012-01-01,44,54,0
2012-01-01,44,55,0
2012-01-01,44,56,0
2012-01-01,44,57,0
2012-01-01,44,58,0
2012-01-01,44,59,0
2012-01-01,44,60,0
2012-01-01,44,61,0
2012-01-01,44,62,0
2012-01-01,44,63,0
2012-01-01,44,64,0
2012-01-01,44,65,0
2012-01-01,44,66,0
2012-01-01,44,67,0
2012-01-01,44,68,37
2012-01-01,44,69,0
2012-01-01,44,70,0
2012-01-01,44,71,0
2012-01-01,44,72,0
2012-01-01,44,73,0
2012-01-01,44,74,0
2012-01-01,44,75,0
2012-01-01,44,76,0
2012-01-01,44,77,0
2012-01-01,44,78,0
2012-01-01,44,79,0
2012-01-01,44,80,0
2012-01-01,44,81,0
2012-01-01,44,82,0
2012-01-01,44,83,0
2012-01-01,44,84,0
2012-01-01,44,85,0
2012-01-01,44,86,0
2012-01-01,44,87,0
2012-01-01,44,88,0
2012-01-01,44,89,0
2012-01-01,44,90,0
2012-01-01,44,91,0
2012-01-01,44,92,0
2012-01-01,44,93,0
2012-01-01,44,94,0
2012-01-01,44,95,0
2012-01-01,44,96,0
2012-01-01,44,97,0
2012-01-01,44,98,0
2012-01-01,44,99,0
2012-01-01,44,100,0
2012-01-01,44,101,0
2012-01-01,44,102,0
2012-01-01,44,103,0
2012-01-01,44,104,0
2012-01-01,44,105,0
2012-01-01,44,106,0
2012-01-01,44,107,0
2012-01-01,44,108,0
2012-01-01,44,109,0
2012-01-01,44,110,0
2012-01-01,44,111,0
2012-01-01,45,1,0
2012-01-01,45,2,0
2012-01-01,45,3,0
2012-01-01,45,4,0
2012-01-01,45,5,0
2012-01-01,45,6,0
2012-01-01,45,7,0
2012-01-01,45,8,0
2012-01-01,45,9,7
2012-01-01,45,10,0
2012-01-01,45,11,0
2012-01-01,45,12,0
2012-01-01,45,13,0
2012-01-01,45,14,0
2012-01-01,45,15,0
2012-01-01,45,16,0
2012-01-01,45,17,0
2012-01-01,45,18,0
2012-01-01,45,19,0
2012-01-01,45,20,0
2012-01-01,45,21,0
2012-01-01,45,22,0
2012-01-01,45,23,0
2012-01-01,45,24,0
2012-01-01,45,25,0
2012-01-01,45,26,0
2012-01-01,45,27,0
2012-01-01,45,28,0
2012-01-01,45,29,0
2012-01-01,45,30,0
2012-01-01,45,31,0
2012-01-01,45,32,0
2012-01-01,45,33,0
2012-01-01,45,34,0
2012-01-01,45,35,0
2012-01-01,45,36,0
2012-01-01,45,37,0
2012-01-01,45,38,0
2012-01-01,45,39,0
2012-01-01,45,40,0
2012-01-01,45,41,0
2012-01-01,45,42,0
2012-01-01,45,43,0
2012-01-01,45,44,0
2012-01-01,45,45,0
2012-01-01,45,46,0
2012-01-01,45,47,0
2012-01-01,45,48,0
2012-01-01,45,49,0
2012-01-01,45,50,0
2012-01-01,45,51,0
2012-01-01,45,52,0
2012-01-01,45,53,0
2012-01-01,45,54,0
2012-01-01,45,55,0
2012-01-01,45,56,0
2012-01-01,45,57,0
2012-01-01,45,58,0
2012-01-01,45,59,0
2012-01-01,45,60,0
2012-01-01,45,61,0
2012-01-01,45,62,0
2012-01-01,45,63,0
2012-01-01,45,64,0
2012-01-01,45,65,0
2012-01-01,45,66,0
2012-01-01,45,67,0
2012-01-01,45,68,0
2012-01-01,45,69,0
2012-01-01,45,70,0
2012-01-01,45,71,0
2012-01-01,45,72,0
2012-01-01,45,73,0
2012-01-01,45,74,0
2012-01-01,45,75,0
2012-01-01,45,76,0
2012-01-01,45,77,0
2012-01-01,45,78,0
2012-01-01,45,79,0
2012-01-01,45,80,0
2012-01-01,45,81,0
2012-01-01,45,82,0
2012-01-01,45,83,0
2012-01-01,45,84,0
2012-01-01,45,85,0
2012-01-01,45,86,0
2012-01-01,45,87,0
2012-01-01,45,88,0
2012-01-01,45,89,0
2012-01-01,45,90,0
2012-01-01,45,91,0
2012-01-01,45,92,0
2012-01-01,45,93,0
2012-01-01,45,94,0
2012-01-01,45,95,0
2012-01-01,45,96,0
2012-01-01,45,97,0
2012-01-01,45,98,0
2012-01-01,45,99,0
2012-01-01,45,100,0
2012-01-01,45,101,0
2012-01-01,45,102,0
2012-01-01,45,103,0
2012-01-01,45,104,0
2012-01-01,45,105,0
2012-01-01,45,106,0
2012-01-01,45,107,0
2012-01-01,45,108,0
2012-01-01,45,109,0
2012-01-01,45,110,0
2012-01-01,45,111,0